rank,city,zone_id,latitude,longitude,cluster_radius_km,target_month,target_start_date,time_window,is_peak_window,predicted_risk_tier,predicted_high_probability,actual_risk_tier,top_shap_factors,factor_contributions,retrieved_guidance,source_organization,source_title,source_url,retrieval_score,all_retrieved_chunks,retrieval_query
1,Pune,363,18.49661,73.88325,7.781,2025-03,2025-03-01,00:00 - 03:59 (Late Night),False,HIGH,0.8716,LOW,Persistent accident history in prior 180 days (+0.452) | Historically elevated severity index during this specific time shift (+0.410) | High cumulative historical crash density (+0.313) | Cluster spatial footprint size (+0.200),lag_accidents_180d=0.452; lag_zw_expanding_swri=0.410; lag_expanding_accidents=0.313; max_r_km=0.200,Road Safety in India — Risk Factors and Countermeasures,World Health Organization (WHO India),Road Safety in India — Risk Factors and Countermeasures,https://www.who.int/india/health-topics/road-safety,0.8379,"WHO-IND-001-02, WHO-GLB-RTI-03, WHO-IND-RS-WEB-001",sustained high accident frequency 6 month road safety treatment India. high severity crash history specific location time window road safety engineering treatment India night time peak hour. road safety treatment for locations with high historical accident frequency and crash density India blackspot identification engineering countermeasure. night time road safety darkness driving India. Maharashtra urban arterial road safety
2,Pune,363,18.49661,73.88325,7.781,2025-03,2025-03-01,20:00 - 23:59 (Night),False,HIGH,0.8579,HIGH,Persistent accident history in prior 180 days (+0.456) | Historically elevated severity index during this specific time shift (+0.406) | High cumulative historical crash density (+0.315) | Cluster spatial footprint size (+0.212),lag_accidents_180d=0.456; lag_zw_expanding_swri=0.406; lag_expanding_accidents=0.315; max_r_km=0.212,Road Safety in India — Risk Factors and Countermeasures,World Health Organization (WHO India),Road Safety in India — Risk Factors and Countermeasures,https://www.who.int/india/health-topics/road-safety,0.8456,"WHO-IND-001-02, MORTH-ATTR-003, WHO-IND-RS-WEB-001",sustained high accident frequency 6 month road safety treatment India. high severity crash history specific location time window road safety engineering treatment India night time peak hour. road safety treatment for locations with high historical accident frequency and crash density India blackspot identification engineering countermeasure. peak hour traffic congestion road safety India. Maharashtra urban arterial road safety
3,Chandigarh,97,30.61774,76.77995,4.127,2025-03,2025-03-01,04:00 - 07:59 (Early Morning),False,HIGH,0.8573,MEDIUM,Historically elevated severity index during this specific time shift (+0.568) | Persistent accident history in prior 180 days (+0.447) | High cumulative historical crash density (+0.289) | Cluster spatial footprint size (+0.196),lag_zw_expanding_swri=0.568; lag_accidents_180d=0.447; lag_expanding_accidents=0.289; max_r_km=0.196,Night-time and Poor-Visibility Road Safety Risk,World Health Organization,Night-time and Poor-Visibility Road Safety Risk,https://www.who.int/news-room/fact-sheets/detail/road-traffic-injuries,0.8254,"WHO-GLB-RTI-03, WHO-IND-001-02, IRAD-001",high severity crash history specific location time window road safety engineering treatment India night time peak hour. sustained high accident frequency 6 month road safety treatment India. road safety treatment for locations with high historical accident frequency and crash density India blackspot identification engineering countermeasure. night time road safety darkness driving India. Chandigarh planned city road safety
4,Chandigarh,97,30.61774,76.77995,4.127,2025-02,2025-02-01,20:00 - 23:59 (Night),False,HIGH,0.8405,LOW,Persistent accident history in prior 180 days (+0.476) | Historically elevated severity index during this specific time shift (+0.406) | High cumulative historical crash density (+0.281) | Cluster spatial footprint size (+0.170),lag_accidents_180d=0.476; lag_zw_expanding_swri=0.406; lag_expanding_accidents=0.281; max_r_km=0.170,Road Safety in India — Risk Factors and Countermeasures,World Health Organization (WHO India),Road Safety in India — Risk Factors and Countermeasures,https://www.who.int/india/health-topics/road-safety,0.8394,"WHO-IND-001-02, MORTH-ATTR-003, WHO-IND-RS-WEB-001",sustained high accident frequency 6 month road safety treatment India. high severity crash history specific location time window road safety engineering treatment India night time peak hour. road safety treatment for locations with high historical accident frequency and crash density India blackspot identification engineering countermeasure. peak hour traffic congestion road safety India. Chandigarh planned city road safety
5,Pune,363,18.49661,73.88325,7.781,2025-01,2025-01-01,04:00 - 07:59 (Early Morning),False,HIGH,0.8377,MEDIUM,Persistent accident history in prior 180 days (+0.457) | Historically elevated severity index during this specific time shift (+0.409) | High cumulative historical crash density (+0.320) | Cluster spatial footprint size (+0.223),lag_accidents_180d=0.457; lag_zw_expanding_swri=0.409; lag_expanding_accidents=0.320; max_r_km=0.223,Road Safety in India — Risk Factors and Countermeasures,World Health Organization (WHO India),Road Safety in India — Risk Factors and Countermeasures,https://www.who.int/india/health-topics/road-safety,0.8379,"WHO-IND-001-02, WHO-GLB-RTI-03, WHO-IND-RS-WEB-001",sustained high accident frequency 6 month road safety treatment India. high severity crash history specific location time window road safety engineering treatment India night time peak hour. road safety treatment for locations with high historical accident frequency and crash density India blackspot identification engineering countermeasure. night time road safety darkness driving India. Maharashtra urban arterial road safety
6,Chandigarh,97,30.61774,76.77995,4.127,2025-02,2025-02-01,16:00 - 19:59 (Evening Rush),True,HIGH,0.8358,HIGH,Persistent accident history in prior 180 days (+0.438) | Historically elevated severity index during this specific time shift (+0.405) | High cumulative historical crash density (+0.280) | Cluster spatial footprint size (+0.176),lag_accidents_180d=0.438; lag_zw_expanding_swri=0.405; lag_expanding_accidents=0.280; max_r_km=0.176,Road Safety in India — Risk Factors and Countermeasures,World Health Organization (WHO India),Road Safety in India — Risk Factors and Countermeasures,https://www.who.int/india/health-topics/road-safety,0.8394,"WHO-IND-001-02, MORTH-ATTR-003, WHO-IND-RS-WEB-001",sustained high accident frequency 6 month road safety treatment India. high severity crash history specific location time window road safety engineering treatment India night time peak hour. road safety treatment for locations with high historical accident frequency and crash density India blackspot identification engineering countermeasure. peak hour traffic congestion road safety India. Chandigarh planned city road safety
7,Chandigarh,97,30.61774,76.77995,4.127,2025-03,2025-03-01,20:00 - 23:59 (Night),False,HIGH,0.8357,HIGH,Persistent accident history in prior 180 days (+0.483) | Historically elevated severity index during this specific time shift (+0.423) | High cumulative historical crash density (+0.242) | Cluster spatial footprint size (+0.177),lag_accidents_180d=0.483; lag_zw_expanding_swri=0.423; lag_expanding_accidents=0.242; max_r_km=0.177,Road Safety in India — Risk Factors and Countermeasures,World Health Organization (WHO India),Road Safety in India — Risk Factors and Countermeasures,https://www.who.int/india/health-topics/road-safety,0.8394,"WHO-IND-001-02, MORTH-ATTR-003, WHO-IND-RS-WEB-001",sustained high accident frequency 6 month road safety treatment India. high severity crash history specific location time window road safety engineering treatment India night time peak hour. road safety treatment for locations with high historical accident frequency and crash density India blackspot identification engineering countermeasure. peak hour traffic congestion road safety India. Chandigarh planned city road safety
8,Hyderabad,233,17.27767,78.27841,7.363,2025-02,2025-02-01,12:00 - 15:59 (Afternoon),False,HIGH,0.83,LOW,Historically elevated severity index during this specific time shift (+0.449) | Persistent accident history in prior 180 days (+0.389) | High cumulative historical crash density (+0.272) | Cluster spatial footprint size (+0.184),lag_zw_expanding_swri=0.449; lag_accidents_180d=0.389; lag_expanding_accidents=0.272; max_r_km=0.184,Road Safety in India — Risk Factors and Countermeasures,World Health Organization (WHO India),Road Safety in India — Risk Factors and Countermeasures,https://www.who.int/india/health-topics/road-safety,0.83,"WHO-IND-001-02, IRAD-001, MORTH-ATTR-003",high severity crash history specific location time window road safety engineering treatment India night time peak hour. sustained high accident frequency 6 month road safety treatment India. road safety treatment for locations with high historical accident frequency and crash density India blackspot identification engineering countermeasure. Hyderabad urban corridor road safety
9,Pune,363,18.49661,73.88325,7.781,2025-03,2025-03-01,04:00 - 07:59 (Early Morning),False,HIGH,0.8296,HIGH,Persistent accident history in prior 180 days (+0.452) | Historically elevated severity index during this specific time shift (+0.425) | High cumulative historical crash density (+0.301) | Cluster spatial footprint size (+0.200),lag_accidents_180d=0.452; lag_zw_expanding_swri=0.425; lag_expanding_accidents=0.301; max_r_km=0.200,Road Safety in India — Risk Factors and Countermeasures,World Health Organization (WHO India),Road Safety in India — Risk Factors and Countermeasures,https://www.who.int/india/health-topics/road-safety,0.8379,"WHO-IND-001-02, WHO-GLB-RTI-03, WHO-IND-RS-WEB-001",sustained high accident frequency 6 month road safety treatment India. high severity crash history specific location time window road safety engineering treatment India night time peak hour. road safety treatment for locations with high historical accident frequency and crash density India blackspot identification engineering countermeasure. night time road safety darkness driving India. Maharashtra urban arterial road safety
10,Chandigarh,97,30.61774,76.77995,4.127,2025-03,2025-03-01,16:00 - 19:59 (Evening Rush),True,HIGH,0.8263,MEDIUM,Persistent accident history in prior 180 days (+0.444) | Historically elevated severity index during this specific time shift (+0.422) | High cumulative historical crash density (+0.241) | Cluster spatial footprint size (+0.184),lag_accidents_180d=0.444; lag_zw_expanding_swri=0.422; lag_expanding_accidents=0.241; max_r_km=0.184,Road Safety in India — Risk Factors and Countermeasures,World Health Organization (WHO India),Road Safety in India — Risk Factors and Countermeasures,https://www.who.int/india/health-topics/road-safety,0.8394,"WHO-IND-001-02, MORTH-ATTR-003, WHO-IND-RS-WEB-001",sustained high accident frequency 6 month road safety treatment India. high severity crash history specific location time window road safety engineering treatment India night time peak hour. road safety treatment for locations with high historical accident frequency and crash density India blackspot identification engineering countermeasure. peak hour traffic congestion road safety India. Chandigarh planned city road safety
11,Hyderabad,223,17.40203,78.29139,8.625,2025-03,2025-03-01,04:00 - 07:59 (Early Morning),False,HIGH,0.8255,HIGH,High cumulative historical crash density (+0.477) | Persistent accident history in prior 180 days (+0.438) | Cluster spatial footprint size (+0.229) | Historically elevated severity index during this specific time shift (+0.141),lag_expanding_accidents=0.477; lag_accidents_180d=0.438; max_r_km=0.229; lag_zw_expanding_swri=0.141,Road Safety in India — Risk Factors and Countermeasures,World Health Organization (WHO India),Road Safety in India — Risk Factors and Countermeasures,https://www.who.int/india/health-topics/road-safety,0.8403,"WHO-IND-001-02, WHO-SAVE-LIVES-WEB-001, WHO-IND-RS-WEB-001",road safety treatment for locations with high historical accident frequency and crash density India blackspot identification engineering countermeasure. sustained high accident frequency 6 month road safety treatment India. road safety large zone area treatment India. night time road safety darkness driving India. Hyderabad urban corridor road safety
12,Hyderabad,223,17.40203,78.29139,8.625,2025-04,2025-04-01,16:00 - 19:59 (Evening Rush),True,HIGH,0.8225,LOW,High cumulative historical crash density (+0.469) | Persistent accident history in prior 180 days (+0.449) | Cluster spatial footprint size (+0.251) | Historically elevated severity index during this specific time shift (+0.149),lag_expanding_accidents=0.469; lag_accidents_180d=0.449; max_r_km=0.251; lag_zw_expanding_swri=0.149,Road Safety in India — Risk Factors and Countermeasures,World Health Organization (WHO India),Road Safety in India — Risk Factors and Countermeasures,https://www.who.int/india/health-topics/road-safety,0.8448,"WHO-IND-001-02, WHO-SAVE-LIVES-WEB-001, MORTH-ATTR-003",road safety treatment for locations with high historical accident frequency and crash density India blackspot identification engineering countermeasure. sustained high accident frequency 6 month road safety treatment India. road safety large zone area treatment India. peak hour traffic congestion road safety India. Hyderabad urban corridor road safety
13,Hyderabad,223,17.40203,78.29139,8.625,2025-03,2025-03-01,16:00 - 19:59 (Evening Rush),True,HIGH,0.821,MEDIUM,High cumulative historical crash density (+0.478) | Persistent accident history in prior 180 days (+0.445) | Cluster spatial footprint size (+0.231) | Historically elevated severity index during this specific time shift (+0.139),lag_expanding_accidents=0.478; lag_accidents_180d=0.445; max_r_km=0.231; lag_zw_expanding_swri=0.139,Road Safety in India — Risk Factors and Countermeasures,World Health Organization (WHO India),Road Safety in India — Risk Factors and Countermeasures,https://www.who.int/india/health-topics/road-safety,0.8448,"WHO-IND-001-02, WHO-SAVE-LIVES-WEB-001, MORTH-ATTR-003",road safety treatment for locations with high historical accident frequency and crash density India blackspot identification engineering countermeasure. sustained high accident frequency 6 month road safety treatment India. road safety large zone area treatment India. peak hour traffic congestion road safety India. Hyderabad urban corridor road safety
14,Chandigarh,97,30.61774,76.77995,4.127,2025-02,2025-02-01,04:00 - 07:59 (Early Morning),False,HIGH,0.8193,LOW,Historically elevated severity index during this specific time shift (+0.562) | Persistent accident history in prior 180 days (+0.444) | High cumulative historical crash density (+0.318) | Cluster spatial footprint size (+0.190),lag_zw_expanding_swri=0.562; lag_accidents_180d=0.444; lag_expanding_accidents=0.318; max_r_km=0.190,Night-time and Poor-Visibility Road Safety Risk,World Health Organization,Night-time and Poor-Visibility Road Safety Risk,https://www.who.int/news-room/fact-sheets/detail/road-traffic-injuries,0.8254,"WHO-GLB-RTI-03, WHO-IND-001-02, IRAD-001",high severity crash history specific location time window road safety engineering treatment India night time peak hour. sustained high accident frequency 6 month road safety treatment India. road safety treatment for locations with high historical accident frequency and crash density India blackspot identification engineering countermeasure. night time road safety darkness driving India. Chandigarh planned city road safety
15,Chennai,138,13.14963,80.13139,4.294,2025-04,2025-04-01,04:00 - 07:59 (Early Morning),False,HIGH,0.8186,LOW,Historically elevated severity index during this specific time shift (+0.590) | Persistent accident history in prior 180 days (+0.404) | Cluster spatial footprint size (+0.180) | Elevated accident volume in prior 90 days (+0.077),lag_zw_expanding_swri=0.590; lag_accidents_180d=0.404; max_r_km=0.180; lag_accidents_90d=0.077,Road Safety in India — Risk Factors and Countermeasures,World Health Organization (WHO India),Road Safety in India — Risk Factors and Countermeasures,https://www.who.int/india/health-topics/road-safety,0.8135,"WHO-IND-001-02, WHO-GLB-RTI-03, MORTH-ATTR-003",high severity crash history specific location time window road safety engineering treatment India night time peak hour. sustained high accident frequency 6 month road safety treatment India. road safety large zone area treatment India. night time road safety darkness driving India. Chennai urban road safety
16,Hyderabad,248,17.46615,78.48164,6.679,2025-04,2025-04-01,20:00 - 23:59 (Night),False,HIGH,0.8131,LOW,Persistent accident history in prior 180 days (+0.383) | Cluster spatial footprint size (+0.186) | Accelerating short-term crash trend (+0.158) | High cumulative historical crash density (+0.133),lag_accidents_180d=0.383; max_r_km=0.186; lag_trend_90d_vs_180d=0.158; lag_expanding_accidents=0.133,Road Safety in India — Risk Factors and Countermeasures,World Health Organization (WHO India),Road Safety in India — Risk Factors and Countermeasures,https://www.who.int/india/health-topics/road-safety,0.8545,"WHO-IND-001-02, WHO-IND-RS-WEB-001, WHO-SAVE-LIVES-WEB-001",sustained high accident frequency 6 month road safety treatment India. road safety large zone area treatment India. increasing trend road accidents emerging risk escalation India response. peak hour traffic congestion road safety India. Hyderabad urban corridor road safety
17,Bangalore,51,13.12692,77.58163,7.849,2025-02,2025-02-01,04:00 - 07:59 (Early Morning),False,HIGH,0.8125,MEDIUM,Persistent accident history in prior 180 days (+0.448) | Historically elevated severity index during this specific time shift (+0.403) | High cumulative historical crash density (+0.301) | Cluster spatial footprint size (+0.229),lag_accidents_180d=0.448; lag_zw_expanding_swri=0.403; lag_expanding_accidents=0.301; max_r_km=0.229,Road Safety in India — Risk Factors and Countermeasures,World Health Organization (WHO India),Road Safety in India — Risk Factors and Countermeasures,https://www.who.int/india/health-topics/road-safety,0.8316,"WHO-IND-001-02, WHO-GLB-RTI-03, WHO-IND-RS-WEB-001",sustained high accident frequency 6 month road safety treatment India. high severity crash history specific location time window road safety engineering treatment India night time peak hour. road safety treatment for locations with high historical accident frequency and crash density India blackspot identification engineering countermeasure. night time road safety darkness driving India. Bangalore urban traffic management road safety
18,Bangalore,51,13.12692,77.58163,7.849,2025-02,2025-02-01,00:00 - 03:59 (Late Night),False,HIGH,0.8124,HIGH,Persistent accident history in prior 180 days (+0.448) | High cumulative historical crash density (+0.413) | Cluster spatial footprint size (+0.229) | Historically elevated severity index during this specific time shift (+0.096),lag_accidents_180d=0.448; lag_expanding_accidents=0.413; max_r_km=0.229; lag_zw_expanding_swri=0.096,Road Safety in India — Risk Factors and Countermeasures,World Health Organization (WHO India),Road Safety in India — Risk Factors and Countermeasures,https://www.who.int/india/health-topics/road-safety,0.8333,"WHO-IND-001-02, WHO-IND-RS-WEB-001, WHO-SAVE-LIVES-WEB-001",sustained high accident frequency 6 month road safety treatment India. road safety treatment for locations with high historical accident frequency and crash density India blackspot identification engineering countermeasure. road safety large zone area treatment India. night time road safety darkness driving India. Bangalore urban traffic management road safety
19,Pune,363,18.49661,73.88325,7.781,2025-03,2025-03-01,12:00 - 15:59 (Afternoon),False,HIGH,0.8112,MEDIUM,Persistent accident history in prior 180 days (+0.450) | Historically elevated severity index during this specific time shift (+0.422) | High cumulative historical crash density (+0.306) | Cluster spatial footprint size (+0.221),lag_accidents_180d=0.450; lag_zw_expanding_swri=0.422; lag_expanding_accidents=0.306; max_r_km=0.221,Road Safety in India — Risk Factors and Countermeasures,World Health Organization (WHO India),Road Safety in India — Risk Factors and Countermeasures,https://www.who.int/india/health-topics/road-safety,0.8517,"WHO-IND-001-02, WHO-IND-RS-WEB-001, MORTH-ATTR-003",sustained high accident frequency 6 month road safety treatment India. high severity crash history specific location time window road safety engineering treatment India night time peak hour. road safety treatment for locations with high historical accident frequency and crash density India blackspot identification engineering countermeasure. Maharashtra urban arterial road safety
20,Hyderabad,223,17.40203,78.29139,8.625,2025-04,2025-04-01,04:00 - 07:59 (Early Morning),False,HIGH,0.8075,LOW,Persistent accident history in prior 180 days (+0.442) | High cumulative historical crash density (+0.415) | Cluster spatial footprint size (+0.249) | Historically elevated severity index during this specific time shift (+0.100),lag_accidents_180d=0.442; lag_expanding_accidents=0.415; max_r_km=0.249; lag_zw_expanding_swri=0.100,Road Safety in India — Risk Factors and Countermeasures,World Health Organization (WHO India),Road Safety in India — Risk Factors and Countermeasures,https://www.who.int/india/health-topics/road-safety,0.8281,"WHO-IND-001-02, WHO-SAVE-LIVES-WEB-001, WHO-IND-RS-WEB-001",sustained high accident frequency 6 month road safety treatment India. road safety treatment for locations with high historical accident frequency and crash density India blackspot identification engineering countermeasure. road safety large zone area treatment India. night time road safety darkness driving India. Hyderabad urban corridor road safety
21,Chennai,138,13.14963,80.13139,4.294,2025-01,2025-01-01,04:00 - 07:59 (Early Morning),False,HIGH,0.8051,HIGH,Persistent accident history in prior 180 days (+0.445) | Historically elevated severity index during this specific time shift (+0.259) | Cluster spatial footprint size (+0.197) | High cumulative historical crash density (+0.166),lag_accidents_180d=0.445; lag_zw_expanding_swri=0.259; max_r_km=0.197; lag_expanding_accidents=0.166,Road Safety in India — Risk Factors and Countermeasures,World Health Organization (WHO India),Road Safety in India — Risk Factors and Countermeasures,https://www.who.int/india/health-topics/road-safety,0.8268,"WHO-IND-001-02, MORTH-ATTR-003, WHO-IND-RS-WEB-001",sustained high accident frequency 6 month road safety treatment India. high severity crash history specific location time window road safety engineering treatment India night time peak hour. road safety large zone area treatment India. night time road safety darkness driving India. Chennai urban road safety
22,Pune,363,18.49661,73.88325,7.781,2025-03,2025-03-01,16:00 - 19:59 (Evening Rush),True,HIGH,0.8036,MEDIUM,Persistent accident history in prior 180 days (+0.450) | Historically elevated severity index during this specific time shift (+0.421) | High cumulative historical crash density (+0.305) | Cluster spatial footprint size (+0.220),lag_accidents_180d=0.450; lag_zw_expanding_swri=0.421; lag_expanding_accidents=0.305; max_r_km=0.220,Road Safety in India — Risk Factors and Countermeasures,World Health Organization (WHO India),Road Safety in India — Risk Factors and Countermeasures,https://www.who.int/india/health-topics/road-safety,0.8456,"WHO-IND-001-02, MORTH-ATTR-003, WHO-IND-RS-WEB-001",sustained high accident frequency 6 month road safety treatment India. high severity crash history specific location time window road safety engineering treatment India night time peak hour. road safety treatment for locations with high historical accident frequency and crash density India blackspot identification engineering countermeasure. peak hour traffic congestion road safety India. Maharashtra urban arterial road safety
23,Bangalore,51,13.12692,77.58163,7.849,2025-02,2025-02-01,16:00 - 19:59 (Evening Rush),True,HIGH,0.7991,MEDIUM,Persistent accident history in prior 180 days (+0.455) | Historically elevated severity index during this specific time shift (+0.261) | High cumulative historical crash density (+0.256) | Cluster spatial footprint size (+0.234),lag_accidents_180d=0.455; lag_zw_expanding_swri=0.261; lag_expanding_accidents=0.256; max_r_km=0.234,Road Safety in India — Risk Factors and Countermeasures,World Health Organization (WHO India),Road Safety in India — Risk Factors and Countermeasures,https://www.who.int/india/health-topics/road-safety,0.839,"WHO-IND-001-02, MORTH-ATTR-003, WHO-IND-RS-WEB-001",sustained high accident frequency 6 month road safety treatment India. high severity crash history specific location time window road safety engineering treatment India night time peak hour. road safety treatment for locations with high historical accident frequency and crash density India blackspot identification engineering countermeasure. peak hour traffic congestion road safety India. Bangalore urban traffic management road safety
24,Hyderabad,223,17.40203,78.29139,8.625,2025-04,2025-04-01,08:00 - 11:59 (Morning Rush),True,HIGH,0.799,LOW,Persistent accident history in prior 180 days (+0.434) | High cumulative historical crash density (+0.416) | Cluster spatial footprint size (+0.253) | Historically elevated severity index during this specific time shift (+0.099),lag_accidents_180d=0.434; lag_expanding_accidents=0.416; max_r_km=0.253; lag_zw_expanding_swri=0.099,Road Safety in India — Risk Factors and Countermeasures,World Health Organization (WHO India),Road Safety in India — Risk Factors and Countermeasures,https://www.who.int/india/health-topics/road-safety,0.8311,"WHO-IND-001-02, WHO-SAVE-LIVES-WEB-001, MORTH-ATTR-003",sustained high accident frequency 6 month road safety treatment India. road safety treatment for locations with high historical accident frequency and crash density India blackspot identification engineering countermeasure. road safety large zone area treatment India. peak hour traffic congestion road safety India. Hyderabad urban corridor road safety
25,Bangalore,51,13.12692,77.58163,7.849,2025-02,2025-02-01,12:00 - 15:59 (Afternoon),False,HIGH,0.7967,HIGH,Persistent accident history in prior 180 days (+0.455) | High cumulative historical crash density (+0.435) | Cluster spatial footprint size (+0.234) | Historically elevated severity index during this specific time shift (+0.094),lag_accidents_180d=0.455; lag_expanding_accidents=0.435; max_r_km=0.234; lag_zw_expanding_swri=0.094,Road Safety in India — Risk Factors and Countermeasures,World Health Organization (WHO India),Road Safety in India — Risk Factors and Countermeasures,https://www.who.int/india/health-topics/road-safety,0.8359,"WHO-IND-001-02, WHO-SAVE-LIVES-WEB-001, WHO-IND-RS-WEB-001",sustained high accident frequency 6 month road safety treatment India. road safety treatment for locations with high historical accident frequency and crash density India blackspot identification engineering countermeasure. road safety large zone area treatment India. Bangalore urban traffic management road safety
26,Hyderabad,233,17.27767,78.27841,7.363,2025-02,2025-02-01,00:00 - 03:59 (Late Night),False,HIGH,0.7964,LOW,Persistent accident history in prior 180 days (+0.394) | High cumulative historical crash density (+0.275) | Cluster spatial footprint size (+0.184) | Historically elevated severity index during this specific time shift (+0.112),lag_accidents_180d=0.394; lag_expanding_accidents=0.275; max_r_km=0.184; lag_zw_expanding_swri=0.112,Road Safety in India — Risk Factors and Countermeasures,World Health Organization (WHO India),Road Safety in India — Risk Factors and Countermeasures,https://www.who.int/india/health-topics/road-safety,0.8281,"WHO-IND-001-02, WHO-SAVE-LIVES-WEB-001, WHO-IND-RS-WEB-001",sustained high accident frequency 6 month road safety treatment India. road safety treatment for locations with high historical accident frequency and crash density India blackspot identification engineering countermeasure. road safety large zone area treatment India. night time road safety darkness driving India. Hyderabad urban corridor road safety
27,Pune,363,18.49661,73.88325,7.781,2025-01,2025-01-01,12:00 - 15:59 (Afternoon),False,HIGH,0.7936,HIGH,Persistent accident history in prior 180 days (+0.469) | Historically elevated severity index during this specific time shift (+0.422) | High cumulative historical crash density (+0.308) | Cluster spatial footprint size (+0.252),lag_accidents_180d=0.469; lag_zw_expanding_swri=0.422; lag_expanding_accidents=0.308; max_r_km=0.252,Road Safety in India — Risk Factors and Countermeasures,World Health Organization (WHO India),Road Safety in India — Risk Factors and Countermeasures,https://www.who.int/india/health-topics/road-safety,0.8517,"WHO-IND-001-02, WHO-IND-RS-WEB-001, MORTH-ATTR-003",sustained high accident frequency 6 month road safety treatment India. high severity crash history specific location time window road safety engineering treatment India night time peak hour. road safety treatment for locations with high historical accident frequency and crash density India blackspot identification engineering countermeasure. Maharashtra urban arterial road safety
28,Pune,363,18.49661,73.88325,7.781,2025-01,2025-01-01,16:00 - 19:59 (Evening Rush),True,HIGH,0.7903,HIGH,Persistent accident history in prior 180 days (+0.469) | Historically elevated severity index during this specific time shift (+0.420) | High cumulative historical crash density (+0.308) | Cluster spatial footprint size (+0.250),lag_accidents_180d=0.469; lag_zw_expanding_swri=0.420; lag_expanding_accidents=0.308; max_r_km=0.250,Road Safety in India — Risk Factors and Countermeasures,World Health Organization (WHO India),Road Safety in India — Risk Factors and Countermeasures,https://www.who.int/india/health-topics/road-safety,0.8456,"WHO-IND-001-02, MORTH-ATTR-003, WHO-IND-RS-WEB-001",sustained high accident frequency 6 month road safety treatment India. high severity crash history specific location time window road safety engineering treatment India night time peak hour. road safety treatment for locations with high historical accident frequency and crash density India blackspot identification engineering countermeasure. peak hour traffic congestion road safety India. Maharashtra urban arterial road safety
29,Chandigarh,97,30.61774,76.77995,4.127,2025-04,2025-04-01,20:00 - 23:59 (Night),False,HIGH,0.7888,LOW,Persistent accident history in prior 180 days (+0.494) | Historically elevated severity index during this specific time shift (+0.341) | High cumulative historical crash density (+0.329) | Cluster spatial footprint size (+0.182),lag_accidents_180d=0.494; lag_zw_expanding_swri=0.341; lag_expanding_accidents=0.329; max_r_km=0.182,Road Safety in India — Risk Factors and Countermeasures,World Health Organization (WHO India),Road Safety in India — Risk Factors and Countermeasures,https://www.who.int/india/health-topics/road-safety,0.8394,"WHO-IND-001-02, MORTH-ATTR-003, WHO-IND-RS-WEB-001",sustained high accident frequency 6 month road safety treatment India. high severity crash history specific location time window road safety engineering treatment India night time peak hour. road safety treatment for locations with high historical accident frequency and crash density India blackspot identification engineering countermeasure. peak hour traffic congestion road safety India. Chandigarh planned city road safety
30,Hyderabad,223,17.40203,78.29139,8.625,2025-01,2025-01-01,12:00 - 15:59 (Afternoon),False,HIGH,0.7884,HIGH,Persistent accident history in prior 180 days (+0.390) | High cumulative historical crash density (+0.326) | Cluster spatial footprint size (+0.255) | Historically elevated severity index during this specific time shift (+0.150),lag_accidents_180d=0.390; lag_expanding_accidents=0.326; max_r_km=0.255; lag_zw_expanding_swri=0.150,Road Safety in India — Risk Factors and Countermeasures,World Health Organization (WHO India),Road Safety in India — Risk Factors and Countermeasures,https://www.who.int/india/health-topics/road-safety,0.8316,"WHO-IND-001-02, WHO-SAVE-LIVES-WEB-001, WHO-IND-RS-WEB-001",sustained high accident frequency 6 month road safety treatment India. road safety treatment for locations with high historical accident frequency and crash density India blackspot identification engineering countermeasure. road safety large zone area treatment India. Hyderabad urban corridor road safety
31,Chennai,138,13.14963,80.13139,4.294,2025-02,2025-02-01,04:00 - 07:59 (Early Morning),False,HIGH,0.7847,HIGH,Persistent accident history in prior 180 days (+0.393) | Historically elevated severity index during this specific time shift (+0.258) | Cluster spatial footprint size (+0.183) | High cumulative historical crash density (+0.166),lag_accidents_180d=0.393; lag_zw_expanding_swri=0.258; max_r_km=0.183; lag_expanding_accidents=0.166,Road Safety in India — Risk Factors and Countermeasures,World Health Organization (WHO India),Road Safety in India — Risk Factors and Countermeasures,https://www.who.int/india/health-topics/road-safety,0.8268,"WHO-IND-001-02, MORTH-ATTR-003, WHO-IND-RS-WEB-001",sustained high accident frequency 6 month road safety treatment India. high severity crash history specific location time window road safety engineering treatment India night time peak hour. road safety large zone area treatment India. night time road safety darkness driving India. Chennai urban road safety
32,Pune,363,18.49661,73.88325,7.781,2025-01,2025-01-01,00:00 - 03:59 (Late Night),False,HIGH,0.7839,HIGH,Persistent accident history in prior 180 days (+0.459) | High cumulative historical crash density (+0.300) | Historically elevated severity index during this specific time shift (+0.220) | Cluster spatial footprint size (+0.215),lag_accidents_180d=0.459; lag_expanding_accidents=0.300; lag_zw_expanding_swri=0.220; max_r_km=0.215,Road Safety in India — Risk Factors and Countermeasures,World Health Organization (WHO India),Road Safety in India — Risk Factors and Countermeasures,https://www.who.int/india/health-topics/road-safety,0.8415,"WHO-IND-001-02, WHO-IND-RS-WEB-001, WHO-SAVE-LIVES-WEB-001",sustained high accident frequency 6 month road safety treatment India. road safety treatment for locations with high historical accident frequency and crash density India blackspot identification engineering countermeasure. high severity crash history specific location time window road safety engineering treatment India night time peak hour. night time road safety darkness driving India. Maharashtra urban arterial road safety
33,Hyderabad,223,17.40203,78.29139,8.625,2025-01,2025-01-01,04:00 - 07:59 (Early Morning),False,HIGH,0.7832,HIGH,Persistent accident history in prior 180 days (+0.386) | High cumulative historical crash density (+0.307) | Cluster spatial footprint size (+0.253) | Historically elevated severity index during this specific time shift (+0.147),lag_accidents_180d=0.386; lag_expanding_accidents=0.307; max_r_km=0.253; lag_zw_expanding_swri=0.147,Road Safety in India — Risk Factors and Countermeasures,World Health Organization (WHO India),Road Safety in India — Risk Factors and Countermeasures,https://www.who.int/india/health-topics/road-safety,0.8281,"WHO-IND-001-02, WHO-SAVE-LIVES-WEB-001, WHO-IND-RS-WEB-001",sustained high accident frequency 6 month road safety treatment India. road safety treatment for locations with high historical accident frequency and crash density India blackspot identification engineering countermeasure. road safety large zone area treatment India. night time road safety darkness driving India. Hyderabad urban corridor road safety
34,Hyderabad,248,17.46615,78.48164,6.679,2025-02,2025-02-01,04:00 - 07:59 (Early Morning),False,HIGH,0.778,LOW,Persistent accident history in prior 180 days (+0.396) | High cumulative historical crash density (+0.208) | Cluster spatial footprint size (+0.204) | Historically elevated severity index during this specific time shift (+0.161),lag_accidents_180d=0.396; lag_expanding_accidents=0.208; max_r_km=0.204; lag_zw_expanding_swri=0.161,Road Safety in India — Risk Factors and Countermeasures,World Health Organization (WHO India),Road Safety in India — Risk Factors and Countermeasures,https://www.who.int/india/health-topics/road-safety,0.8281,"WHO-IND-001-02, WHO-SAVE-LIVES-WEB-001, WHO-IND-RS-WEB-001",sustained high accident frequency 6 month road safety treatment India. road safety treatment for locations with high historical accident frequency and crash density India blackspot identification engineering countermeasure. road safety large zone area treatment India. night time road safety darkness driving India. Hyderabad urban corridor road safety
35,Hyderabad,223,17.40203,78.29139,8.625,2025-01,2025-01-01,08:00 - 11:59 (Morning Rush),True,HIGH,0.7762,HIGH,Cluster spatial footprint size (+0.390) | Persistent accident history in prior 180 days (+0.368) | High cumulative historical crash density (+0.289) | Elevated historical fatal accident ratio (+0.031),max_r_km=0.390; lag_accidents_180d=0.368; lag_expanding_accidents=0.289; lag_expanding_fatal_rate=0.031,Road Safety in India — Risk Factors and Countermeasures,World Health Organization (WHO India),Road Safety in India — Risk Factors and Countermeasures,https://www.who.int/india/health-topics/road-safety,0.8239,"WHO-IND-001-02, MORTH-ATTR-003, WHO-SAVE-LIVES-WEB-001",road safety large zone area treatment India. sustained high accident frequency 6 month road safety treatment India. road safety treatment for locations with high historical accident frequency and crash density India blackspot identification engineering countermeasure. peak hour traffic congestion road safety India. Hyderabad urban corridor road safety
36,Chennai,138,13.14963,80.13139,4.294,2025-01,2025-01-01,00:00 - 03:59 (Late Night),False,HIGH,0.7752,LOW,Persistent accident history in prior 180 days (+0.445) | Historically elevated severity index during this specific time shift (+0.286) | Cluster spatial footprint size (+0.198) | High cumulative historical crash density (+0.170),lag_accidents_180d=0.445; lag_zw_expanding_swri=0.286; max_r_km=0.198; lag_expanding_accidents=0.170,Road Safety in India — Risk Factors and Countermeasures,World Health Organization (WHO India),Road Safety in India — Risk Factors and Countermeasures,https://www.who.int/india/health-topics/road-safety,0.8268,"WHO-IND-001-02, MORTH-ATTR-003, WHO-IND-RS-WEB-001",sustained high accident frequency 6 month road safety treatment India. high severity crash history specific location time window road safety engineering treatment India night time peak hour. road safety large zone area treatment India. night time road safety darkness driving India. Chennai urban road safety
37,Chandigarh,97,30.61774,76.77995,4.127,2025-04,2025-04-01,08:00 - 11:59 (Morning Rush),True,HIGH,0.7736,LOW,Historically elevated severity index during this specific time shift (+0.504) | Persistent accident history in prior 180 days (+0.442) | High cumulative historical crash density (+0.317) | Cluster spatial footprint size (+0.187),lag_zw_expanding_swri=0.504; lag_accidents_180d=0.442; lag_expanding_accidents=0.317; max_r_km=0.187,Road Safety in India — Risk Factors and Countermeasures,World Health Organization (WHO India),Road Safety in India — Risk Factors and Countermeasures,https://www.who.int/india/health-topics/road-safety,0.8324,"WHO-IND-001-02, MORTH-ATTR-003, IRAD-001",high severity crash history specific location time window road safety engineering treatment India night time peak hour. sustained high accident frequency 6 month road safety treatment India. road safety treatment for locations with high historical accident frequency and crash density India blackspot identification engineering countermeasure. peak hour traffic congestion road safety India. Chandigarh planned city road safety
38,Chandigarh,97,30.61774,76.77995,4.127,2025-02,2025-02-01,08:00 - 11:59 (Morning Rush),True,HIGH,0.7729,LOW,Persistent accident history in prior 180 days (+0.424) | Historically elevated severity index during this specific time shift (+0.356) | High cumulative historical crash density (+0.310) | Cluster spatial footprint size (+0.175),lag_accidents_180d=0.424; lag_zw_expanding_swri=0.356; lag_expanding_accidents=0.310; max_r_km=0.175,Road Safety in India — Risk Factors and Countermeasures,World Health Organization (WHO India),Road Safety in India — Risk Factors and Countermeasures,https://www.who.int/india/health-topics/road-safety,0.8394,"WHO-IND-001-02, MORTH-ATTR-003, WHO-IND-RS-WEB-001",sustained high accident frequency 6 month road safety treatment India. high severity crash history specific location time window road safety engineering treatment India night time peak hour. road safety treatment for locations with high historical accident frequency and crash density India blackspot identification engineering countermeasure. peak hour traffic congestion road safety India. Chandigarh planned city road safety
39,Hyderabad,223,17.40203,78.29139,8.625,2025-03,2025-03-01,08:00 - 11:59 (Morning Rush),True,HIGH,0.7727,HIGH,High cumulative historical crash density (+0.464) | Persistent accident history in prior 180 days (+0.430) | Cluster spatial footprint size (+0.233) | Historically elevated severity index during this specific time shift (+0.154),lag_expanding_accidents=0.464; lag_accidents_180d=0.430; max_r_km=0.233; lag_zw_expanding_swri=0.154,Road Safety in India — Risk Factors and Countermeasures,World Health Organization (WHO India),Road Safety in India — Risk Factors and Countermeasures,https://www.who.int/india/health-topics/road-safety,0.8448,"WHO-IND-001-02, WHO-SAVE-LIVES-WEB-001, MORTH-ATTR-003",road safety treatment for locations with high historical accident frequency and crash density India blackspot identification engineering countermeasure. sustained high accident frequency 6 month road safety treatment India. road safety large zone area treatment India. peak hour traffic congestion road safety India. Hyderabad urban corridor road safety
40,Pune,363,18.49661,73.88325,7.781,2025-01,2025-01-01,20:00 - 23:59 (Night),False,HIGH,0.7715,MEDIUM,Persistent accident history in prior 180 days (+0.475) | High cumulative historical crash density (+0.293) | Cluster spatial footprint size (+0.243) | Historically elevated severity index during this specific time shift (+0.216),lag_accidents_180d=0.475; lag_expanding_accidents=0.293; max_r_km=0.243; lag_zw_expanding_swri=0.216,Road Safety in India — Risk Factors and Countermeasures,World Health Organization (WHO India),Road Safety in India — Risk Factors and Countermeasures,https://www.who.int/india/health-topics/road-safety,0.8387,"WHO-IND-001-02, MORTH-ATTR-003, WHO-SAVE-LIVES-WEB-001",sustained high accident frequency 6 month road safety treatment India. road safety treatment for locations with high historical accident frequency and crash density India blackspot identification engineering countermeasure. road safety large zone area treatment India. peak hour traffic congestion road safety India. Maharashtra urban arterial road safety
41,Chandigarh,97,30.61774,76.77995,4.127,2025-03,2025-03-01,08:00 - 11:59 (Morning Rush),True,HIGH,0.7714,HIGH,Persistent accident history in prior 180 days (+0.430) | Historically elevated severity index during this specific time shift (+0.375) | High cumulative historical crash density (+0.274) | Cluster spatial footprint size (+0.182),lag_accidents_180d=0.430; lag_zw_expanding_swri=0.375; lag_expanding_accidents=0.274; max_r_km=0.182,Road Safety in India — Risk Factors and Countermeasures,World Health Organization (WHO India),Road Safety in India — Risk Factors and Countermeasures,https://www.who.int/india/health-topics/road-safety,0.8394,"WHO-IND-001-02, MORTH-ATTR-003, WHO-IND-RS-WEB-001",sustained high accident frequency 6 month road safety treatment India. high severity crash history specific location time window road safety engineering treatment India night time peak hour. road safety treatment for locations with high historical accident frequency and crash density India blackspot identification engineering countermeasure. peak hour traffic congestion road safety India. Chandigarh planned city road safety
42,Hyderabad,248,17.46615,78.48164,6.679,2025-04,2025-04-01,04:00 - 07:59 (Early Morning),False,HIGH,0.7704,LOW,Persistent accident history in prior 180 days (+0.345) | Cluster spatial footprint size (+0.189) | High cumulative historical crash density (+0.171) | Accelerating short-term crash trend (+0.148),lag_accidents_180d=0.345; max_r_km=0.189; lag_expanding_accidents=0.171; lag_trend_90d_vs_180d=0.148,Road Safety in India — Risk Factors and Countermeasures,World Health Organization (WHO India),Road Safety in India — Risk Factors and Countermeasures,https://www.who.int/india/health-topics/road-safety,0.8261,"WHO-IND-001-02, WHO-SAVE-LIVES-WEB-001, WHO-IND-RS-WEB-001",sustained high accident frequency 6 month road safety treatment India. road safety large zone area treatment India. road safety treatment for locations with high historical accident frequency and crash density India blackspot identification engineering countermeasure. night time road safety darkness driving India. Hyderabad urban corridor road safety
43,Pune,363,18.49661,73.88325,7.781,2025-02,2025-02-01,00:00 - 03:59 (Late Night),False,HIGH,0.7699,HIGH,Persistent accident history in prior 180 days (+0.452) | Historically elevated severity index during this specific time shift (+0.364) | Cluster spatial footprint size (+0.292) | High cumulative historical crash density (+0.276),lag_accidents_180d=0.452; lag_zw_expanding_swri=0.364; max_r_km=0.292; lag_expanding_accidents=0.276,Road Safety in India — Risk Factors and Countermeasures,World Health Organization (WHO India),Road Safety in India — Risk Factors and Countermeasures,https://www.who.int/india/health-topics/road-safety,0.8363,"WHO-IND-001-02, MORTH-ATTR-003, WHO-IND-RS-WEB-001",sustained high accident frequency 6 month road safety treatment India. high severity crash history specific location time window road safety engineering treatment India night time peak hour. road safety large zone area treatment India. night time road safety darkness driving India. Maharashtra urban arterial road safety
44,Pune,363,18.49661,73.88325,7.781,2025-04,2025-04-01,00:00 - 03:59 (Late Night),False,HIGH,0.7696,LOW,Persistent accident history in prior 180 days (+0.459) | Historically elevated severity index during this specific time shift (+0.357) | High cumulative historical crash density (+0.288) | Cluster spatial footprint size (+0.200),lag_accidents_180d=0.459; lag_zw_expanding_swri=0.357; lag_expanding_accidents=0.288; max_r_km=0.200,Road Safety in India — Risk Factors and Countermeasures,World Health Organization (WHO India),Road Safety in India — Risk Factors and Countermeasures,https://www.who.int/india/health-topics/road-safety,0.8379,"WHO-IND-001-02, WHO-GLB-RTI-03, WHO-IND-RS-WEB-001",sustained high accident frequency 6 month road safety treatment India. high severity crash history specific location time window road safety engineering treatment India night time peak hour. road safety treatment for locations with high historical accident frequency and crash density India blackspot identification engineering countermeasure. night time road safety darkness driving India. Maharashtra urban arterial road safety
45,Chandigarh,97,30.61774,76.77995,4.127,2025-04,2025-04-01,16:00 - 19:59 (Evening Rush),True,HIGH,0.7689,HIGH,Persistent accident history in prior 180 days (+0.457) | Historically elevated severity index during this specific time shift (+0.364) | High cumulative historical crash density (+0.262) | Cluster spatial footprint size (+0.189),lag_accidents_180d=0.457; lag_zw_expanding_swri=0.364; lag_expanding_accidents=0.262; max_r_km=0.189,Road Safety in India — Risk Factors and Countermeasures,World Health Organization (WHO India),Road Safety in India — Risk Factors and Countermeasures,https://www.who.int/india/health-topics/road-safety,0.8394,"WHO-IND-001-02, MORTH-ATTR-003, WHO-IND-RS-WEB-001",sustained high accident frequency 6 month road safety treatment India. high severity crash history specific location time window road safety engineering treatment India night time peak hour. road safety treatment for locations with high historical accident frequency and crash density India blackspot identification engineering countermeasure. peak hour traffic congestion road safety India. Chandigarh planned city road safety
46,Kolkata,273,22.56352,88.32345,4.741,2025-04,2025-04-01,08:00 - 11:59 (Morning Rush),True,HIGH,0.7664,LOW,Persistent accident history in prior 180 days (+0.368) | Historically elevated severity index during this specific time shift (+0.267) | Cluster spatial footprint size (+0.186) | High cumulative historical crash density (+0.185),lag_accidents_180d=0.368; lag_zw_expanding_swri=0.267; max_r_km=0.186; lag_expanding_accidents=0.185,Road Safety in India — Risk Factors and Countermeasures,World Health Organization (WHO India),Road Safety in India — Risk Factors and Countermeasures,https://www.who.int/india/health-topics/road-safety,0.8344,"WHO-IND-001-02, MORTH-ATTR-003, WHO-IND-RS-WEB-001",sustained high accident frequency 6 month road safety treatment India. high severity crash history specific location time window road safety engineering treatment India night time peak hour. road safety large zone area treatment India. peak hour traffic congestion road safety India. Kolkata road safety pedestrian
47,Hyderabad,248,17.46615,78.48164,6.679,2025-02,2025-02-01,12:00 - 15:59 (Afternoon),False,HIGH,0.7624,MEDIUM,Persistent accident history in prior 180 days (+0.388) | High cumulative historical crash density (+0.202) | Cluster spatial footprint size (+0.200) | Historically elevated severity index during this specific time shift (+0.158),lag_accidents_180d=0.388; lag_expanding_accidents=0.202; max_r_km=0.200; lag_zw_expanding_swri=0.158,Road Safety in India — Risk Factors and Countermeasures,World Health Organization (WHO India),Road Safety in India — Risk Factors and Countermeasures,https://www.who.int/india/health-topics/road-safety,0.8316,"WHO-IND-001-02, WHO-SAVE-LIVES-WEB-001, WHO-IND-RS-WEB-001",sustained high accident frequency 6 month road safety treatment India. road safety treatment for locations with high historical accident frequency and crash density India blackspot identification engineering countermeasure. road safety large zone area treatment India. Hyderabad urban corridor road safety
48,Hyderabad,223,17.40203,78.29139,8.625,2025-02,2025-02-01,00:00 - 03:59 (Late Night),False,HIGH,0.7607,MEDIUM,High cumulative historical crash density (+0.448) | Persistent accident history in prior 180 days (+0.440) | Cluster spatial footprint size (+0.358) | Elevated accident volume in prior 90 days (+0.070),lag_expanding_accidents=0.448; lag_accidents_180d=0.440; max_r_km=0.358; lag_accidents_90d=0.070,Road Safety in India — Risk Factors and Countermeasures,World Health Organization (WHO India),Road Safety in India — Risk Factors and Countermeasures,https://www.who.int/india/health-topics/road-safety,0.8403,"WHO-IND-001-02, WHO-SAVE-LIVES-WEB-001, WHO-IND-RS-WEB-001",road safety treatment for locations with high historical accident frequency and crash density India blackspot identification engineering countermeasure. sustained high accident frequency 6 month road safety treatment India. road safety large zone area treatment India. night time road safety darkness driving India. Hyderabad urban corridor road safety
49,Chandigarh,97,30.61774,76.77995,4.127,2025-04,2025-04-01,12:00 - 15:59 (Afternoon),False,HIGH,0.7594,MEDIUM,High cumulative historical crash density (+0.509) | Persistent accident history in prior 180 days (+0.457) | Historically elevated severity index during this specific time shift (+0.240) | Cluster spatial footprint size (+0.193),lag_expanding_accidents=0.509; lag_accidents_180d=0.457; lag_zw_expanding_swri=0.240; max_r_km=0.193,Road Safety in India — Risk Factors and Countermeasures,World Health Organization (WHO India),Road Safety in India — Risk Factors and Countermeasures,https://www.who.int/india/health-topics/road-safety,0.8491,"WHO-IND-001-02, WHO-SAVE-LIVES-WEB-001, WHO-IND-RS-WEB-001",road safety treatment for locations with high historical accident frequency and crash density India blackspot identification engineering countermeasure. sustained high accident frequency 6 month road safety treatment India. high severity crash history specific location time window road safety engineering treatment India night time peak hour. Chandigarh planned city road safety
50,Kolkata,273,22.56352,88.32345,4.741,2025-02,2025-02-01,08:00 - 11:59 (Morning Rush),True,HIGH,0.756,MEDIUM,Persistent accident history in prior 180 days (+0.361) | Historically elevated severity index during this specific time shift (+0.271) | High cumulative historical crash density (+0.224) | Cluster spatial footprint size (+0.214),lag_accidents_180d=0.361; lag_zw_expanding_swri=0.271; lag_expanding_accidents=0.224; max_r_km=0.214,Road Safety in India — Risk Factors and Countermeasures,World Health Organization (WHO India),Road Safety in India — Risk Factors and Countermeasures,https://www.who.int/india/health-topics/road-safety,0.8386,"WHO-IND-001-02, MORTH-ATTR-003, WHO-IND-RS-WEB-001",sustained high accident frequency 6 month road safety treatment India. high severity crash history specific location time window road safety engineering treatment India night time peak hour. road safety treatment for locations with high historical accident frequency and crash density India blackspot identification engineering countermeasure. peak hour traffic congestion road safety India. Kolkata road safety pedestrian
51,Hyderabad,248,17.46615,78.48164,6.679,2025-04,2025-04-01,12:00 - 15:59 (Afternoon),False,HIGH,0.7543,MEDIUM,Persistent accident history in prior 180 days (+0.343) | Cluster spatial footprint size (+0.187) | Accelerating short-term crash trend (+0.170) | High cumulative historical crash density (+0.147),lag_accidents_180d=0.343; max_r_km=0.187; lag_trend_90d_vs_180d=0.170; lag_expanding_accidents=0.147,Road Safety in India — Risk Factors and Countermeasures,World Health Organization (WHO India),Road Safety in India — Risk Factors and Countermeasures,https://www.who.int/india/health-topics/road-safety,0.8551,"WHO-IND-001-02, WHO-IND-RS-WEB-001, WHO-SAVE-LIVES-WEB-001",sustained high accident frequency 6 month road safety treatment India. road safety large zone area treatment India. increasing trend road accidents emerging risk escalation India response. Hyderabad urban corridor road safety
52,Chandigarh,97,30.61774,76.77995,4.127,2025-04,2025-04-01,00:00 - 03:59 (Late Night),False,HIGH,0.7538,LOW,Persistent accident history in prior 180 days (+0.434) | High cumulative historical crash density (+0.434) | Cluster spatial footprint size (+0.190) | High recent accident surge in prior 30 days (+0.154),lag_accidents_180d=0.434; lag_expanding_accidents=0.434; max_r_km=0.190; lag_accidents_30d=0.154,Road Safety in India — Risk Factors and Countermeasures,World Health Organization (WHO India),Road Safety in India — Risk Factors and Countermeasures,https://www.who.int/india/health-topics/road-safety,0.8312,"WHO-IND-001-02, WHO-SAVE-LIVES-WEB-001, WHO-IND-RS-WEB-001",sustained high accident frequency 6 month road safety treatment India. road safety treatment for locations with high historical accident frequency and crash density India blackspot identification engineering countermeasure. road safety large zone area treatment India. night time road safety darkness driving India. Chandigarh planned city road safety
53,Chennai,138,13.14963,80.13139,4.294,2025-04,2025-04-01,00:00 - 03:59 (Late Night),False,HIGH,0.7527,LOW,Persistent accident history in prior 180 days (+0.406) | Historically elevated severity index during this specific time shift (+0.235) | Cluster spatial footprint size (+0.181) | Elevated accident volume in prior 90 days (+0.072),lag_accidents_180d=0.406; lag_zw_expanding_swri=0.235; max_r_km=0.181; lag_accidents_90d=0.072,Road Safety in India — Risk Factors and Countermeasures,World Health Organization (WHO India),Road Safety in India — Risk Factors and Countermeasures,https://www.who.int/india/health-topics/road-safety,0.8268,"WHO-IND-001-02, MORTH-ATTR-003, WHO-IND-RS-WEB-001",sustained high accident frequency 6 month road safety treatment India. high severity crash history specific location time window road safety engineering treatment India night time peak hour. road safety large zone area treatment India. night time road safety darkness driving India. Chennai urban road safety
54,Hyderabad,248,17.46615,78.48164,6.679,2025-03,2025-03-01,04:00 - 07:59 (Early Morning),False,HIGH,0.7521,LOW,Persistent accident history in prior 180 days (+0.343) | High cumulative historical crash density (+0.239) | Cluster spatial footprint size (+0.224) | Historically elevated severity index during this specific time shift (+0.152),lag_accidents_180d=0.343; lag_expanding_accidents=0.239; max_r_km=0.224; lag_zw_expanding_swri=0.152,Road Safety in India — Risk Factors and Countermeasures,World Health Organization (WHO India),Road Safety in India — Risk Factors and Countermeasures,https://www.who.int/india/health-topics/road-safety,0.8281,"WHO-IND-001-02, WHO-SAVE-LIVES-WEB-001, WHO-IND-RS-WEB-001",sustained high accident frequency 6 month road safety treatment India. road safety treatment for locations with high historical accident frequency and crash density India blackspot identification engineering countermeasure. road safety large zone area treatment India. night time road safety darkness driving India. Hyderabad urban corridor road safety
55,Chandigarh,97,30.61774,76.77995,4.127,2025-04,2025-04-01,04:00 - 07:59 (Early Morning),False,HIGH,0.752,LOW,Historically elevated severity index during this specific time shift (+0.520) | Persistent accident history in prior 180 days (+0.462) | High cumulative historical crash density (+0.300) | Cluster spatial footprint size (+0.202),lag_zw_expanding_swri=0.520; lag_accidents_180d=0.462; lag_expanding_accidents=0.300; max_r_km=0.202,Night-time and Poor-Visibility Road Safety Risk,World Health Organization,Night-time and Poor-Visibility Road Safety Risk,https://www.who.int/news-room/fact-sheets/detail/road-traffic-injuries,0.8254,"WHO-GLB-RTI-03, WHO-IND-001-02, IRAD-001",high severity crash history specific location time window road safety engineering treatment India night time peak hour. sustained high accident frequency 6 month road safety treatment India. road safety treatment for locations with high historical accident frequency and crash density India blackspot identification engineering countermeasure. night time road safety darkness driving India. Chandigarh planned city road safety
56,Hyderabad,223,17.40203,78.29139,8.625,2025-04,2025-04-01,20:00 - 23:59 (Night),False,HIGH,0.7514,LOW,Persistent accident history in prior 180 days (+0.455) | Historically elevated severity index during this specific time shift (+0.416) | High cumulative historical crash density (+0.293) | Cluster spatial footprint size (+0.243),lag_accidents_180d=0.455; lag_zw_expanding_swri=0.416; lag_expanding_accidents=0.293; max_r_km=0.243,Road Safety in India — Risk Factors and Countermeasures,World Health Organization (WHO India),Road Safety in India — Risk Factors and Countermeasures,https://www.who.int/india/health-topics/road-safety,0.835,"WHO-IND-001-02, MORTH-ATTR-003, IRAD-001",sustained high accident frequency 6 month road safety treatment India. high severity crash history specific location time window road safety engineering treatment India night time peak hour. road safety treatment for locations with high historical accident frequency and crash density India blackspot identification engineering countermeasure. peak hour traffic congestion road safety India. Hyderabad urban corridor road safety
57,Pune,379,18.60046,73.77091,4.913,2025-04,2025-04-01,04:00 - 07:59 (Early Morning),False,HIGH,0.7493,LOW,Persistent accident history in prior 180 days (+0.410) | High cumulative historical crash density (+0.253) | Historically elevated severity index during this specific time shift (+0.202) | Cluster spatial footprint size (+0.166),lag_accidents_180d=0.410; lag_expanding_accidents=0.253; lag_zw_expanding_swri=0.202; max_r_km=0.166,Road Safety in India — Risk Factors and Countermeasures,World Health Organization (WHO India),Road Safety in India — Risk Factors and Countermeasures,https://www.who.int/india/health-topics/road-safety,0.8415,"WHO-IND-001-02, WHO-IND-RS-WEB-001, WHO-SAVE-LIVES-WEB-001",sustained high accident frequency 6 month road safety treatment India. road safety treatment for locations with high historical accident frequency and crash density India blackspot identification engineering countermeasure. high severity crash history specific location time window road safety engineering treatment India night time peak hour. night time road safety darkness driving India. Maharashtra urban arterial road safety
58,Hyderabad,223,17.40203,78.29139,8.625,2025-04,2025-04-01,00:00 - 03:59 (Late Night),False,HIGH,0.7462,LOW,High cumulative historical crash density (+0.476) | Persistent accident history in prior 180 days (+0.434) | Cluster spatial footprint size (+0.344) | Elevated accident volume in prior 90 days (+0.053),lag_expanding_accidents=0.476; lag_accidents_180d=0.434; max_r_km=0.344; lag_accidents_90d=0.053,Road Safety in India — Risk Factors and Countermeasures,World Health Organization (WHO India),Road Safety in India — Risk Factors and Countermeasures,https://www.who.int/india/health-topics/road-safety,0.8403,"WHO-IND-001-02, WHO-SAVE-LIVES-WEB-001, WHO-IND-RS-WEB-001",road safety treatment for locations with high historical accident frequency and crash density India blackspot identification engineering countermeasure. sustained high accident frequency 6 month road safety treatment India. road safety large zone area treatment India. night time road safety darkness driving India. Hyderabad urban corridor road safety
59,Hyderabad,223,17.40203,78.29139,8.625,2025-03,2025-03-01,00:00 - 03:59 (Late Night),False,HIGH,0.7447,LOW,High cumulative historical crash density (+0.469) | Persistent accident history in prior 180 days (+0.430) | Cluster spatial footprint size (+0.321) | Elevated accident volume in prior 90 days (+0.070),lag_expanding_accidents=0.469; lag_accidents_180d=0.430; max_r_km=0.321; lag_accidents_90d=0.070,Road Safety in India — Risk Factors and Countermeasures,World Health Organization (WHO India),Road Safety in India — Risk Factors and Countermeasures,https://www.who.int/india/health-topics/road-safety,0.8403,"WHO-IND-001-02, WHO-SAVE-LIVES-WEB-001, WHO-IND-RS-WEB-001",road safety treatment for locations with high historical accident frequency and crash density India blackspot identification engineering countermeasure. sustained high accident frequency 6 month road safety treatment India. road safety large zone area treatment India. night time road safety darkness driving India. Hyderabad urban corridor road safety
60,Kolkata,273,22.56352,88.32345,4.741,2025-01,2025-01-01,08:00 - 11:59 (Morning Rush),True,HIGH,0.7432,HIGH,Persistent accident history in prior 180 days (+0.362) | Historically elevated severity index during this specific time shift (+0.252) | Cluster spatial footprint size (+0.183) | High cumulative historical crash density (+0.181),lag_accidents_180d=0.362; lag_zw_expanding_swri=0.252; max_r_km=0.183; lag_expanding_accidents=0.181,Road Safety in India — Risk Factors and Countermeasures,World Health Organization (WHO India),Road Safety in India — Risk Factors and Countermeasures,https://www.who.int/india/health-topics/road-safety,0.8344,"WHO-IND-001-02, MORTH-ATTR-003, WHO-IND-RS-WEB-001",sustained high accident frequency 6 month road safety treatment India. high severity crash history specific location time window road safety engineering treatment India night time peak hour. road safety large zone area treatment India. peak hour traffic congestion road safety India. Kolkata road safety pedestrian
61,Hyderabad,233,17.27767,78.27841,7.363,2025-03,2025-03-01,00:00 - 03:59 (Late Night),False,HIGH,0.7416,LOW,Persistent accident history in prior 180 days (+0.412) | Cluster spatial footprint size (+0.176) | Historically elevated severity index during this specific time shift (+0.117) | High cumulative historical crash density (+0.085),lag_accidents_180d=0.412; max_r_km=0.176; lag_zw_expanding_swri=0.117; lag_expanding_accidents=0.085,Road Safety in India — Risk Factors and Countermeasures,World Health Organization (WHO India),Road Safety in India — Risk Factors and Countermeasures,https://www.who.int/india/health-topics/road-safety,0.822,"WHO-IND-001-02, MORTH-ATTR-003, WHO-SAVE-LIVES-WEB-001",sustained high accident frequency 6 month road safety treatment India. road safety large zone area treatment India. high severity crash history specific location time window road safety engineering treatment India night time peak hour. night time road safety darkness driving India. Hyderabad urban corridor road safety
62,Bangalore,51,13.12692,77.58163,7.849,2025-02,2025-02-01,08:00 - 11:59 (Morning Rush),True,HIGH,0.7414,LOW,Persistent accident history in prior 180 days (+0.442) | Historically elevated severity index during this specific time shift (+0.418) | High cumulative historical crash density (+0.298) | Cluster spatial footprint size (+0.232),lag_accidents_180d=0.442; lag_zw_expanding_swri=0.418; lag_expanding_accidents=0.298; max_r_km=0.232,Road Safety in India — Risk Factors and Countermeasures,World Health Organization (WHO India),Road Safety in India — Risk Factors and Countermeasures,https://www.who.int/india/health-topics/road-safety,0.839,"WHO-IND-001-02, MORTH-ATTR-003, WHO-IND-RS-WEB-001",sustained high accident frequency 6 month road safety treatment India. high severity crash history specific location time window road safety engineering treatment India night time peak hour. road safety treatment for locations with high historical accident frequency and crash density India blackspot identification engineering countermeasure. peak hour traffic congestion road safety India. Bangalore urban traffic management road safety
63,Hyderabad,248,17.46615,78.48164,6.679,2025-03,2025-03-01,20:00 - 23:59 (Night),False,HIGH,0.741,MEDIUM,Persistent accident history in prior 180 days (+0.381) | High cumulative historical crash density (+0.220) | Cluster spatial footprint size (+0.213) | Historically elevated severity index during this specific time shift (+0.166),lag_accidents_180d=0.381; lag_expanding_accidents=0.220; max_r_km=0.213; lag_zw_expanding_swri=0.166,Road Safety in India — Risk Factors and Countermeasures,World Health Organization (WHO India),Road Safety in India — Risk Factors and Countermeasures,https://www.who.int/india/health-topics/road-safety,0.8311,"WHO-IND-001-02, WHO-SAVE-LIVES-WEB-001, MORTH-ATTR-003",sustained high accident frequency 6 month road safety treatment India. road safety treatment for locations with high historical accident frequency and crash density India blackspot identification engineering countermeasure. road safety large zone area treatment India. peak hour traffic congestion road safety India. Hyderabad urban corridor road safety
64,Hyderabad,233,17.27767,78.27841,7.363,2025-02,2025-02-01,04:00 - 07:59 (Early Morning),False,HIGH,0.741,LOW,Persistent accident history in prior 180 days (+0.394) | High cumulative historical crash density (+0.356) | Cluster spatial footprint size (+0.184) | Historically elevated severity index during this specific time shift (+0.133),lag_accidents_180d=0.394; lag_expanding_accidents=0.356; max_r_km=0.184; lag_zw_expanding_swri=0.133,Road Safety in India — Risk Factors and Countermeasures,World Health Organization (WHO India),Road Safety in India — Risk Factors and Countermeasures,https://www.who.int/india/health-topics/road-safety,0.8281,"WHO-IND-001-02, WHO-SAVE-LIVES-WEB-001, WHO-IND-RS-WEB-001",sustained high accident frequency 6 month road safety treatment India. road safety treatment for locations with high historical accident frequency and crash density India blackspot identification engineering countermeasure. road safety large zone area treatment India. night time road safety darkness driving India. Hyderabad urban corridor road safety
65,Chennai,138,13.14963,80.13139,4.294,2025-02,2025-02-01,00:00 - 03:59 (Late Night),False,HIGH,0.7389,HIGH,Persistent accident history in prior 180 days (+0.394) | Historically elevated severity index during this specific time shift (+0.267) | Cluster spatial footprint size (+0.183) | High cumulative historical crash density (+0.171),lag_accidents_180d=0.394; lag_zw_expanding_swri=0.267; max_r_km=0.183; lag_expanding_accidents=0.171,Road Safety in India — Risk Factors and Countermeasures,World Health Organization (WHO India),Road Safety in India — Risk Factors and Countermeasures,https://www.who.int/india/health-topics/road-safety,0.8268,"WHO-IND-001-02, MORTH-ATTR-003, WHO-IND-RS-WEB-001",sustained high accident frequency 6 month road safety treatment India. high severity crash history specific location time window road safety engineering treatment India night time peak hour. road safety large zone area treatment India. night time road safety darkness driving India. Chennai urban road safety
66,Kolkata,283,22.56314,88.46385,4.908,2025-02,2025-02-01,16:00 - 19:59 (Evening Rush),True,HIGH,0.7354,HIGH,Persistent accident history in prior 180 days (+0.435) | Cluster spatial footprint size (+0.233) | High cumulative historical crash density (+0.229) | Elevated historical fatal accident ratio (+0.063),lag_accidents_180d=0.435; max_r_km=0.233; lag_expanding_accidents=0.229; lag_expanding_fatal_rate=0.063,Road Safety in India — Risk Factors and Countermeasures,World Health Organization (WHO India),Road Safety in India — Risk Factors and Countermeasures,https://www.who.int/india/health-topics/road-safety,0.8322,"WHO-IND-001-02, MORTH-ATTR-003, WHO-IND-RS-WEB-001",sustained high accident frequency 6 month road safety treatment India. road safety large zone area treatment India. road safety treatment for locations with high historical accident frequency and crash density India blackspot identification engineering countermeasure. peak hour traffic congestion road safety India. Kolkata road safety pedestrian
67,Hyderabad,248,17.46615,78.48164,6.679,2025-03,2025-03-01,12:00 - 15:59 (Afternoon),False,HIGH,0.7312,HIGH,Persistent accident history in prior 180 days (+0.343) | High cumulative historical crash density (+0.235) | Cluster spatial footprint size (+0.223) | Historically elevated severity index during this specific time shift (+0.149),lag_accidents_180d=0.343; lag_expanding_accidents=0.235; max_r_km=0.223; lag_zw_expanding_swri=0.149,Road Safety in India — Risk Factors and Countermeasures,World Health Organization (WHO India),Road Safety in India — Risk Factors and Countermeasures,https://www.who.int/india/health-topics/road-safety,0.8316,"WHO-IND-001-02, WHO-SAVE-LIVES-WEB-001, WHO-IND-RS-WEB-001",sustained high accident frequency 6 month road safety treatment India. road safety treatment for locations with high historical accident frequency and crash density India blackspot identification engineering countermeasure. road safety large zone area treatment India. Hyderabad urban corridor road safety
68,Hyderabad,223,17.40203,78.29139,8.625,2025-04,2025-04-01,12:00 - 15:59 (Afternoon),False,HIGH,0.7306,LOW,Persistent accident history in prior 180 days (+0.449) | High cumulative historical crash density (+0.274) | Cluster spatial footprint size (+0.252) | Historically elevated severity index during this specific time shift (+0.215),lag_accidents_180d=0.449; lag_expanding_accidents=0.274; max_r_km=0.252; lag_zw_expanding_swri=0.215,Road Safety in India — Risk Factors and Countermeasures,World Health Organization (WHO India),Road Safety in India — Risk Factors and Countermeasures,https://www.who.int/india/health-topics/road-safety,0.8316,"WHO-IND-001-02, WHO-SAVE-LIVES-WEB-001, WHO-IND-RS-WEB-001",sustained high accident frequency 6 month road safety treatment India. road safety treatment for locations with high historical accident frequency and crash density India blackspot identification engineering countermeasure. road safety large zone area treatment India. Hyderabad urban corridor road safety
69,Hyderabad,223,17.40203,78.29139,8.625,2025-03,2025-03-01,12:00 - 15:59 (Afternoon),False,HIGH,0.7285,HIGH,Persistent accident history in prior 180 days (+0.445) | High cumulative historical crash density (+0.283) | Cluster spatial footprint size (+0.232) | Historically elevated severity index during this specific time shift (+0.205),lag_accidents_180d=0.445; lag_expanding_accidents=0.283; max_r_km=0.232; lag_zw_expanding_swri=0.205,Road Safety in India — Risk Factors and Countermeasures,World Health Organization (WHO India),Road Safety in India — Risk Factors and Countermeasures,https://www.who.int/india/health-topics/road-safety,0.8316,"WHO-IND-001-02, WHO-SAVE-LIVES-WEB-001, WHO-IND-RS-WEB-001",sustained high accident frequency 6 month road safety treatment India. road safety treatment for locations with high historical accident frequency and crash density India blackspot identification engineering countermeasure. road safety large zone area treatment India. Hyderabad urban corridor road safety
70,Bangalore,51,13.12692,77.58163,7.849,2025-02,2025-02-01,20:00 - 23:59 (Night),False,HIGH,0.728,HIGH,Persistent accident history in prior 180 days (+0.461) | High cumulative historical crash density (+0.278) | Cluster spatial footprint size (+0.226) | Historically elevated severity index during this specific time shift (+0.210),lag_accidents_180d=0.461; lag_expanding_accidents=0.278; max_r_km=0.226; lag_zw_expanding_swri=0.210,Road Safety in India — Risk Factors and Countermeasures,World Health Organization (WHO India),Road Safety in India — Risk Factors and Countermeasures,https://www.who.int/india/health-topics/road-safety,0.8361,"WHO-IND-001-02, MORTH-ATTR-003, WHO-SAVE-LIVES-WEB-001",sustained high accident frequency 6 month road safety treatment India. road safety treatment for locations with high historical accident frequency and crash density India blackspot identification engineering countermeasure. road safety large zone area treatment India. peak hour traffic congestion road safety India. Bangalore urban traffic management road safety
71,Hyderabad,233,17.27767,78.27841,7.363,2025-03,2025-03-01,12:00 - 15:59 (Afternoon),False,HIGH,0.7265,LOW,Persistent accident history in prior 180 days (+0.409) | Historically elevated severity index during this specific time shift (+0.301) | Cluster spatial footprint size (+0.171) | Elevated accident volume in prior 90 days (+0.060),lag_accidents_180d=0.409; lag_zw_expanding_swri=0.301; max_r_km=0.171; lag_accidents_90d=0.060,Road Safety in India — Risk Factors and Countermeasures,World Health Organization (WHO India),Road Safety in India — Risk Factors and Countermeasures,https://www.who.int/india/health-topics/road-safety,0.8373,"WHO-IND-001-02, WHO-SAVE-LIVES-WEB-001, WHO-IND-RS-WEB-001",sustained high accident frequency 6 month road safety treatment India. high severity crash history specific location time window road safety engineering treatment India night time peak hour. road safety large zone area treatment India. Hyderabad urban corridor road safety
72,Pune,363,18.49661,73.88325,7.781,2025-02,2025-02-01,20:00 - 23:59 (Night),False,HIGH,0.726,LOW,Persistent accident history in prior 180 days (+0.456) | Historically elevated severity index during this specific time shift (+0.361) | Cluster spatial footprint size (+0.312) | High cumulative historical crash density (+0.274),lag_accidents_180d=0.456; lag_zw_expanding_swri=0.361; max_r_km=0.312; lag_expanding_accidents=0.274,Road Safety in India — Risk Factors and Countermeasures,World Health Organization (WHO India),Road Safety in India — Risk Factors and Countermeasures,https://www.who.int/india/health-topics/road-safety,0.8422,"WHO-IND-001-02, MORTH-ATTR-003, WHO-IND-RS-WEB-001",sustained high accident frequency 6 month road safety treatment India. high severity crash history specific location time window road safety engineering treatment India night time peak hour. road safety large zone area treatment India. peak hour traffic congestion road safety India. Maharashtra urban arterial road safety
73,Hyderabad,233,17.27767,78.27841,7.363,2025-04,2025-04-01,00:00 - 03:59 (Late Night),False,HIGH,0.7249,MEDIUM,Persistent accident history in prior 180 days (+0.356) | Cluster spatial footprint size (+0.204) | Historically elevated severity index during this specific time shift (+0.150) | High cumulative historical crash density (+0.117),lag_accidents_180d=0.356; max_r_km=0.204; lag_zw_expanding_swri=0.150; lag_expanding_accidents=0.117,Road Safety in India — Risk Factors and Countermeasures,World Health Organization (WHO India),Road Safety in India — Risk Factors and Countermeasures,https://www.who.int/india/health-topics/road-safety,0.822,"WHO-IND-001-02, MORTH-ATTR-003, WHO-SAVE-LIVES-WEB-001",sustained high accident frequency 6 month road safety treatment India. road safety large zone area treatment India. high severity crash history specific location time window road safety engineering treatment India night time peak hour. night time road safety darkness driving India. Hyderabad urban corridor road safety
74,Hyderabad,233,17.27767,78.27841,7.363,2025-02,2025-02-01,08:00 - 11:59 (Morning Rush),True,HIGH,0.7236,MEDIUM,Persistent accident history in prior 180 days (+0.376) | High cumulative historical crash density (+0.337) | Historically elevated severity index during this specific time shift (+0.208) | Cluster spatial footprint size (+0.182),lag_accidents_180d=0.376; lag_expanding_accidents=0.337; lag_zw_expanding_swri=0.208; max_r_km=0.182,Road Safety in India — Risk Factors and Countermeasures,World Health Organization (WHO India),Road Safety in India — Risk Factors and Countermeasures,https://www.who.int/india/health-topics/road-safety,0.8387,"WHO-IND-001-02, MORTH-ATTR-003, WHO-SAVE-LIVES-WEB-001",sustained high accident frequency 6 month road safety treatment India. road safety treatment for locations with high historical accident frequency and crash density India blackspot identification engineering countermeasure. high severity crash history specific location time window road safety engineering treatment India night time peak hour. peak hour traffic congestion road safety India. Hyderabad urban corridor road safety
75,Mumbai,319,18.85549,72.92374,10.252,2025-03,2025-03-01,08:00 - 11:59 (Morning Rush),True,HIGH,0.7217,HIGH,Persistent accident history in prior 180 days (+0.427) | High cumulative historical crash density (+0.254) | Cluster spatial footprint size (+0.232) | Historically elevated severity index during this specific time shift (+0.211),lag_accidents_180d=0.427; lag_expanding_accidents=0.254; max_r_km=0.232; lag_zw_expanding_swri=0.211,Road Safety in India — Risk Factors and Countermeasures,World Health Organization (WHO India),Road Safety in India — Risk Factors and Countermeasures,https://www.who.int/india/health-topics/road-safety,0.8353,"WHO-IND-001-02, MORTH-ATTR-003, WHO-IND-RS-WEB-001",sustained high accident frequency 6 month road safety treatment India. road safety treatment for locations with high historical accident frequency and crash density India blackspot identification engineering countermeasure. road safety large zone area treatment India. peak hour traffic congestion road safety India. Mumbai Metropolitan Region urban highway road safety
76,Chandigarh,97,30.61774,76.77995,4.127,2025-02,2025-02-01,00:00 - 03:59 (Late Night),False,HIGH,0.7209,HIGH,High cumulative historical crash density (+0.480) | Persistent accident history in prior 180 days (+0.416) | Cluster spatial footprint size (+0.177) | Elevated historical fatal accident ratio (+0.088),lag_expanding_accidents=0.480; lag_accidents_180d=0.416; max_r_km=0.177; lag_expanding_fatal_rate=0.088,Road Safety in India — Risk Factors and Countermeasures,World Health Organization (WHO India),Road Safety in India — Risk Factors and Countermeasures,https://www.who.int/india/health-topics/road-safety,0.8419,"WHO-IND-001-02, WHO-SAVE-LIVES-WEB-001, WHO-IND-RS-WEB-001",road safety treatment for locations with high historical accident frequency and crash density India blackspot identification engineering countermeasure. sustained high accident frequency 6 month road safety treatment India. road safety large zone area treatment India. night time road safety darkness driving India. Chandigarh planned city road safety
77,Hyderabad,233,17.27767,78.27841,7.363,2025-04,2025-04-01,04:00 - 07:59 (Early Morning),False,HIGH,0.7148,HIGH,Persistent accident history in prior 180 days (+0.345) | Cluster spatial footprint size (+0.204) | Historically elevated severity index during this specific time shift (+0.180) | High cumulative historical crash density (+0.130),lag_accidents_180d=0.345; max_r_km=0.204; lag_zw_expanding_swri=0.180; lag_expanding_accidents=0.130,Road Safety in India — Risk Factors and Countermeasures,World Health Organization (WHO India),Road Safety in India — Risk Factors and Countermeasures,https://www.who.int/india/health-topics/road-safety,0.822,"WHO-IND-001-02, MORTH-ATTR-003, WHO-SAVE-LIVES-WEB-001",sustained high accident frequency 6 month road safety treatment India. road safety large zone area treatment India. high severity crash history specific location time window road safety engineering treatment India night time peak hour. night time road safety darkness driving India. Hyderabad urban corridor road safety
78,Pune,363,18.49661,73.88325,7.781,2025-04,2025-04-01,08:00 - 11:59 (Morning Rush),True,HIGH,0.7145,LOW,High cumulative historical crash density (+0.471) | Persistent accident history in prior 180 days (+0.444) | Cluster spatial footprint size (+0.340) | Geographic longitude coordinate (+0.072),lag_expanding_accidents=0.471; lag_accidents_180d=0.444; max_r_km=0.340; center_lon=0.072,Road Safety in India — Risk Factors and Countermeasures,World Health Organization (WHO India),Road Safety in India — Risk Factors and Countermeasures,https://www.who.int/india/health-topics/road-safety,0.851,"WHO-IND-001-02, MORTH-ATTR-003, WHO-SAVE-LIVES-WEB-001",road safety treatment for locations with high historical accident frequency and crash density India blackspot identification engineering countermeasure. sustained high accident frequency 6 month road safety treatment India. road safety large zone area treatment India. peak hour traffic congestion road safety India. Maharashtra urban arterial road safety
79,Pune,363,18.49661,73.88325,7.781,2025-03,2025-03-01,08:00 - 11:59 (Morning Rush),True,HIGH,0.7129,MEDIUM,High cumulative historical crash density (+0.494) | Persistent accident history in prior 180 days (+0.437) | Cluster spatial footprint size (+0.340) | Elevated historical fatal accident ratio (+0.060),lag_expanding_accidents=0.494; lag_accidents_180d=0.437; max_r_km=0.340; lag_expanding_fatal_rate=0.060,Road Safety in India — Risk Factors and Countermeasures,World Health Organization (WHO India),Road Safety in India — Risk Factors and Countermeasures,https://www.who.int/india/health-topics/road-safety,0.851,"WHO-IND-001-02, MORTH-ATTR-003, WHO-SAVE-LIVES-WEB-001",road safety treatment for locations with high historical accident frequency and crash density India blackspot identification engineering countermeasure. sustained high accident frequency 6 month road safety treatment India. road safety large zone area treatment India. peak hour traffic congestion road safety India. Maharashtra urban arterial road safety
80,Hyderabad,223,17.40203,78.29139,8.625,2025-01,2025-01-01,16:00 - 19:59 (Evening Rush),True,HIGH,0.7112,HIGH,Persistent accident history in prior 180 days (+0.389) | High cumulative historical crash density (+0.312) | Cluster spatial footprint size (+0.254) | Historically elevated severity index during this specific time shift (+0.162),lag_accidents_180d=0.389; lag_expanding_accidents=0.312; max_r_km=0.254; lag_zw_expanding_swri=0.162,Road Safety in India — Risk Factors and Countermeasures,World Health Organization (WHO India),Road Safety in India — Risk Factors and Countermeasures,https://www.who.int/india/health-topics/road-safety,0.8311,"WHO-IND-001-02, WHO-SAVE-LIVES-WEB-001, MORTH-ATTR-003",sustained high accident frequency 6 month road safety treatment India. road safety treatment for locations with high historical accident frequency and crash density India blackspot identification engineering countermeasure. road safety large zone area treatment India. peak hour traffic congestion road safety India. Hyderabad urban corridor road safety
81,Kolkata,283,22.56314,88.46385,4.908,2025-04,2025-04-01,00:00 - 03:59 (Late Night),False,HIGH,0.7109,LOW,Persistent accident history in prior 180 days (+0.373) | Cluster spatial footprint size (+0.201) | High cumulative historical crash density (+0.164) | Elevated historical fatal accident ratio (+0.068),lag_accidents_180d=0.373; max_r_km=0.201; lag_expanding_accidents=0.164; lag_expanding_fatal_rate=0.068,Road Safety in India — Risk Factors and Countermeasures,World Health Organization (WHO India),Road Safety in India — Risk Factors and Countermeasures,https://www.who.int/india/health-topics/road-safety,0.8286,"WHO-IND-001-02, WHO-IND-RS-WEB-001, WHO-SAVE-LIVES-WEB-001",sustained high accident frequency 6 month road safety treatment India. road safety large zone area treatment India. road safety treatment for locations with high historical accident frequency and crash density India blackspot identification engineering countermeasure. night time road safety darkness driving India. Kolkata road safety pedestrian
82,Pune,363,18.49661,73.88325,7.781,2025-04,2025-04-01,04:00 - 07:59 (Early Morning),False,HIGH,0.7044,LOW,Persistent accident history in prior 180 days (+0.458) | Historically elevated severity index during this specific time shift (+0.373) | High cumulative historical crash density (+0.276) | Cluster spatial footprint size (+0.200),lag_accidents_180d=0.458; lag_zw_expanding_swri=0.373; lag_expanding_accidents=0.276; max_r_km=0.200,Road Safety in India — Risk Factors and Countermeasures,World Health Organization (WHO India),Road Safety in India — Risk Factors and Countermeasures,https://www.who.int/india/health-topics/road-safety,0.8379,"WHO-IND-001-02, WHO-GLB-RTI-03, WHO-IND-RS-WEB-001",sustained high accident frequency 6 month road safety treatment India. high severity crash history specific location time window road safety engineering treatment India night time peak hour. road safety treatment for locations with high historical accident frequency and crash density India blackspot identification engineering countermeasure. night time road safety darkness driving India. Maharashtra urban arterial road safety
83,Pune,363,18.49661,73.88325,7.781,2025-01,2025-01-01,08:00 - 11:59 (Morning Rush),True,HIGH,0.704,MEDIUM,High cumulative historical crash density (+0.496) | Persistent accident history in prior 180 days (+0.449) | Cluster spatial footprint size (+0.325) | Elevated accident volume in prior 90 days (+0.070),lag_expanding_accidents=0.496; lag_accidents_180d=0.449; max_r_km=0.325; lag_accidents_90d=0.070,Road Safety in India — Risk Factors and Countermeasures,World Health Organization (WHO India),Road Safety in India — Risk Factors and Countermeasures,https://www.who.int/india/health-topics/road-safety,0.851,"WHO-IND-001-02, MORTH-ATTR-003, WHO-SAVE-LIVES-WEB-001",road safety treatment for locations with high historical accident frequency and crash density India blackspot identification engineering countermeasure. sustained high accident frequency 6 month road safety treatment India. road safety large zone area treatment India. peak hour traffic congestion road safety India. Maharashtra urban arterial road safety
84,Chennai,138,13.14963,80.13139,4.294,2025-03,2025-03-01,04:00 - 07:59 (Early Morning),False,HIGH,0.7029,HIGH,Historically elevated severity index during this specific time shift (+0.568) | Persistent accident history in prior 180 days (+0.398) | Cluster spatial footprint size (+0.187) | High cumulative historical crash density (+0.154),lag_zw_expanding_swri=0.568; lag_accidents_180d=0.398; max_r_km=0.187; lag_expanding_accidents=0.154,Road Safety in India — Risk Factors and Countermeasures,World Health Organization (WHO India),Road Safety in India — Risk Factors and Countermeasures,https://www.who.int/india/health-topics/road-safety,0.8135,"WHO-IND-001-02, WHO-GLB-RTI-03, MORTH-ATTR-003",high severity crash history specific location time window road safety engineering treatment India night time peak hour. sustained high accident frequency 6 month road safety treatment India. road safety large zone area treatment India. night time road safety darkness driving India. Chennai urban road safety
85,Hyderabad,223,17.40203,78.29139,8.625,2025-02,2025-02-01,04:00 - 07:59 (Early Morning),False,HIGH,0.7017,LOW,Persistent accident history in prior 180 days (+0.448) | High cumulative historical crash density (+0.443) | Cluster spatial footprint size (+0.239) | Historically elevated severity index during this specific time shift (+0.096),lag_accidents_180d=0.448; lag_expanding_accidents=0.443; max_r_km=0.239; lag_zw_expanding_swri=0.096,Road Safety in India — Risk Factors and Countermeasures,World Health Organization (WHO India),Road Safety in India — Risk Factors and Countermeasures,https://www.who.int/india/health-topics/road-safety,0.8281,"WHO-IND-001-02, WHO-SAVE-LIVES-WEB-001, WHO-IND-RS-WEB-001",sustained high accident frequency 6 month road safety treatment India. road safety treatment for locations with high historical accident frequency and crash density India blackspot identification engineering countermeasure. road safety large zone area treatment India. night time road safety darkness driving India. Hyderabad urban corridor road safety
86,Chandigarh,97,30.61774,76.77995,4.127,2025-02,2025-02-01,12:00 - 15:59 (Afternoon),False,HIGH,0.7,LOW,High cumulative historical crash density (+0.484) | Persistent accident history in prior 180 days (+0.409) | Cluster spatial footprint size (+0.167) | Elevated historical fatal accident ratio (+0.097),lag_expanding_accidents=0.484; lag_accidents_180d=0.409; max_r_km=0.167; lag_expanding_fatal_rate=0.097,Road Safety in India — Risk Factors and Countermeasures,World Health Organization (WHO India),Road Safety in India — Risk Factors and Countermeasures,https://www.who.int/india/health-topics/road-safety,0.848,"WHO-IND-001-02, WHO-SAVE-LIVES-WEB-001, WHO-IND-RS-WEB-001",road safety treatment for locations with high historical accident frequency and crash density India blackspot identification engineering countermeasure. sustained high accident frequency 6 month road safety treatment India. road safety large zone area treatment India. Chandigarh planned city road safety
87,Hyderabad,223,17.40203,78.29139,8.625,2025-03,2025-03-01,20:00 - 23:59 (Night),False,HIGH,0.6999,MEDIUM,Persistent accident history in prior 180 days (+0.451) | High cumulative historical crash density (+0.268) | Cluster spatial footprint size (+0.223) | Historically elevated severity index during this specific time shift (+0.220),lag_accidents_180d=0.451; lag_expanding_accidents=0.268; max_r_km=0.223; lag_zw_expanding_swri=0.220,Road Safety in India — Risk Factors and Countermeasures,World Health Organization (WHO India),Road Safety in India — Risk Factors and Countermeasures,https://www.who.int/india/health-topics/road-safety,0.8311,"WHO-IND-001-02, WHO-SAVE-LIVES-WEB-001, MORTH-ATTR-003",sustained high accident frequency 6 month road safety treatment India. road safety treatment for locations with high historical accident frequency and crash density India blackspot identification engineering countermeasure. road safety large zone area treatment India. peak hour traffic congestion road safety India. Hyderabad urban corridor road safety
88,Pune,363,18.49661,73.88325,7.781,2025-02,2025-02-01,08:00 - 11:59 (Morning Rush),True,HIGH,0.6998,LOW,High cumulative historical crash density (+0.466) | Cluster spatial footprint size (+0.440) | Persistent accident history in prior 180 days (+0.437) | High recent accident surge in prior 30 days (+0.065),lag_expanding_accidents=0.466; max_r_km=0.440; lag_accidents_180d=0.437; lag_accidents_30d=0.065,Road Safety in India — Risk Factors and Countermeasures,World Health Organization (WHO India),Road Safety in India — Risk Factors and Countermeasures,https://www.who.int/india/health-topics/road-safety,0.8475,"WHO-IND-001-02, MORTH-ATTR-003, WHO-SAVE-LIVES-WEB-001",road safety treatment for locations with high historical accident frequency and crash density India blackspot identification engineering countermeasure. road safety large zone area treatment India. sustained high accident frequency 6 month road safety treatment India. peak hour traffic congestion road safety India. Maharashtra urban arterial road safety
89,Hyderabad,233,17.27767,78.27841,7.363,2025-04,2025-04-01,08:00 - 11:59 (Morning Rush),True,HIGH,0.6998,MEDIUM,Persistent accident history in prior 180 days (+0.331) | Cluster spatial footprint size (+0.200) | Historically elevated severity index during this specific time shift (+0.197) | High cumulative historical crash density (+0.124),lag_accidents_180d=0.331; max_r_km=0.200; lag_zw_expanding_swri=0.197; lag_expanding_accidents=0.124,Road Safety in India — Risk Factors and Countermeasures,World Health Organization (WHO India),Road Safety in India — Risk Factors and Countermeasures,https://www.who.int/india/health-topics/road-safety,0.8292,"WHO-IND-001-02, MORTH-ATTR-003, WHO-SAVE-LIVES-WEB-001",sustained high accident frequency 6 month road safety treatment India. road safety large zone area treatment India. high severity crash history specific location time window road safety engineering treatment India night time peak hour. peak hour traffic congestion road safety India. Hyderabad urban corridor road safety
90,Hyderabad,240,17.29291,78.55353,6.212,2025-04,2025-04-01,04:00 - 07:59 (Early Morning),False,HIGH,0.6989,LOW,Persistent accident history in prior 180 days (+0.363) | Cluster spatial footprint size (+0.215) | High cumulative historical crash density (+0.196) | Historically elevated severity index during this specific time shift (+0.144),lag_accidents_180d=0.363; max_r_km=0.215; lag_expanding_accidents=0.196; lag_zw_expanding_swri=0.144,Road Safety in India — Risk Factors and Countermeasures,World Health Organization (WHO India),Road Safety in India — Risk Factors and Countermeasures,https://www.who.int/india/health-topics/road-safety,0.8261,"WHO-IND-001-02, WHO-SAVE-LIVES-WEB-001, WHO-IND-RS-WEB-001",sustained high accident frequency 6 month road safety treatment India. road safety large zone area treatment India. road safety treatment for locations with high historical accident frequency and crash density India blackspot identification engineering countermeasure. night time road safety darkness driving India. Hyderabad urban corridor road safety
91,Hyderabad,233,17.27767,78.27841,7.363,2025-02,2025-02-01,16:00 - 19:59 (Evening Rush),True,HIGH,0.697,LOW,Persistent accident history in prior 180 days (+0.391) | High cumulative historical crash density (+0.339) | Cluster spatial footprint size (+0.177) | Historically elevated severity index during this specific time shift (+0.129),lag_accidents_180d=0.391; lag_expanding_accidents=0.339; max_r_km=0.177; lag_zw_expanding_swri=0.129,Road Safety in India — Risk Factors and Countermeasures,World Health Organization (WHO India),Road Safety in India — Risk Factors and Countermeasures,https://www.who.int/india/health-topics/road-safety,0.8311,"WHO-IND-001-02, WHO-SAVE-LIVES-WEB-001, MORTH-ATTR-003",sustained high accident frequency 6 month road safety treatment India. road safety treatment for locations with high historical accident frequency and crash density India blackspot identification engineering countermeasure. road safety large zone area treatment India. peak hour traffic congestion road safety India. Hyderabad urban corridor road safety
92,Mumbai,319,18.85549,72.92374,10.252,2025-01,2025-01-01,04:00 - 07:59 (Early Morning),False,HIGH,0.696,HIGH,Persistent accident history in prior 180 days (+0.398) | Historically elevated severity index during this specific time shift (+0.331) | High cumulative historical crash density (+0.299) | Cluster spatial footprint size (+0.245),lag_accidents_180d=0.398; lag_zw_expanding_swri=0.331; lag_expanding_accidents=0.299; max_r_km=0.245,Road Safety in India — Risk Factors and Countermeasures,World Health Organization (WHO India),Road Safety in India — Risk Factors and Countermeasures,https://www.who.int/india/health-topics/road-safety,0.8328,"WHO-IND-001-02, WHO-GLB-RTI-03, MORTH-ATTR-003",sustained high accident frequency 6 month road safety treatment India. high severity crash history specific location time window road safety engineering treatment India night time peak hour. road safety treatment for locations with high historical accident frequency and crash density India blackspot identification engineering countermeasure. night time road safety darkness driving India. Mumbai Metropolitan Region urban highway road safety
93,Hyderabad,233,17.27767,78.27841,7.363,2025-04,2025-04-01,12:00 - 15:59 (Afternoon),False,HIGH,0.6953,LOW,Persistent accident history in prior 180 days (+0.344) | Historically elevated severity index during this specific time shift (+0.332) | Cluster spatial footprint size (+0.202) | High recent accident surge in prior 30 days (+0.046),lag_accidents_180d=0.344; lag_zw_expanding_swri=0.332; max_r_km=0.202; lag_accidents_30d=0.046,Road Safety in India — Risk Factors and Countermeasures,World Health Organization (WHO India),Road Safety in India — Risk Factors and Countermeasures,https://www.who.int/india/health-topics/road-safety,0.8373,"WHO-IND-001-02, WHO-SAVE-LIVES-WEB-001, WHO-IND-RS-WEB-001",sustained high accident frequency 6 month road safety treatment India. high severity crash history specific location time window road safety engineering treatment India night time peak hour. road safety large zone area treatment India. Hyderabad urban corridor road safety
94,Hyderabad,248,17.46615,78.48164,6.679,2025-01,2025-01-01,04:00 - 07:59 (Early Morning),False,HIGH,0.6948,LOW,Persistent accident history in prior 180 days (+0.403) | High cumulative historical crash density (+0.206) | Cluster spatial footprint size (+0.206) | Historically elevated severity index during this specific time shift (+0.100),lag_accidents_180d=0.403; lag_expanding_accidents=0.206; max_r_km=0.206; lag_zw_expanding_swri=0.100,Road Safety in India — Risk Factors and Countermeasures,World Health Organization (WHO India),Road Safety in India — Risk Factors and Countermeasures,https://www.who.int/india/health-topics/road-safety,0.8281,"WHO-IND-001-02, WHO-SAVE-LIVES-WEB-001, WHO-IND-RS-WEB-001",sustained high accident frequency 6 month road safety treatment India. road safety treatment for locations with high historical accident frequency and crash density India blackspot identification engineering countermeasure. road safety large zone area treatment India. night time road safety darkness driving India. Hyderabad urban corridor road safety
95,Bangalore,51,13.12692,77.58163,7.849,2025-03,2025-03-01,00:00 - 03:59 (Late Night),False,HIGH,0.6944,HIGH,Persistent accident history in prior 180 days (+0.471) | Cluster spatial footprint size (+0.244) | Historically elevated severity index during this specific time shift (+0.224) | High cumulative historical crash density (+0.211),lag_accidents_180d=0.471; max_r_km=0.244; lag_zw_expanding_swri=0.224; lag_expanding_accidents=0.211,Road Safety in India — Risk Factors and Countermeasures,World Health Organization (WHO India),Road Safety in India — Risk Factors and Countermeasures,https://www.who.int/india/health-topics/road-safety,0.8292,"WHO-IND-001-02, MORTH-ATTR-003, WHO-IND-RS-WEB-001",sustained high accident frequency 6 month road safety treatment India. road safety large zone area treatment India. high severity crash history specific location time window road safety engineering treatment India night time peak hour. night time road safety darkness driving India. Bangalore urban traffic management road safety
96,Bangalore,51,13.12692,77.58163,7.849,2025-03,2025-03-01,04:00 - 07:59 (Early Morning),False,HIGH,0.6941,MEDIUM,Persistent accident history in prior 180 days (+0.470) | Historically elevated severity index during this specific time shift (+0.361) | High cumulative historical crash density (+0.270) | Cluster spatial footprint size (+0.244),lag_accidents_180d=0.470; lag_zw_expanding_swri=0.361; lag_expanding_accidents=0.270; max_r_km=0.244,Road Safety in India — Risk Factors and Countermeasures,World Health Organization (WHO India),Road Safety in India — Risk Factors and Countermeasures,https://www.who.int/india/health-topics/road-safety,0.8316,"WHO-IND-001-02, WHO-GLB-RTI-03, WHO-IND-RS-WEB-001",sustained high accident frequency 6 month road safety treatment India. high severity crash history specific location time window road safety engineering treatment India night time peak hour. road safety treatment for locations with high historical accident frequency and crash density India blackspot identification engineering countermeasure. night time road safety darkness driving India. Bangalore urban traffic management road safety
97,Hyderabad,248,17.46615,78.48164,6.679,2025-02,2025-02-01,20:00 - 23:59 (Night),False,HIGH,0.6935,HIGH,Persistent accident history in prior 180 days (+0.392) | Historically elevated severity index during this specific time shift (+0.202) | High cumulative historical crash density (+0.201) | Cluster spatial footprint size (+0.195),lag_accidents_180d=0.392; lag_zw_expanding_swri=0.202; lag_expanding_accidents=0.201; max_r_km=0.195,Road Safety in India — Risk Factors and Countermeasures,World Health Organization (WHO India),Road Safety in India — Risk Factors and Countermeasures,https://www.who.int/india/health-topics/road-safety,0.835,"WHO-IND-001-02, MORTH-ATTR-003, IRAD-001",sustained high accident frequency 6 month road safety treatment India. high severity crash history specific location time window road safety engineering treatment India night time peak hour. road safety treatment for locations with high historical accident frequency and crash density India blackspot identification engineering countermeasure. peak hour traffic congestion road safety India. Hyderabad urban corridor road safety
98,Pune,363,18.49661,73.88325,7.781,2025-02,2025-02-01,04:00 - 07:59 (Early Morning),False,HIGH,0.6911,HIGH,Persistent accident history in prior 180 days (+0.452) | Historically elevated severity index during this specific time shift (+0.377) | Cluster spatial footprint size (+0.299) | High cumulative historical crash density (+0.270),lag_accidents_180d=0.452; lag_zw_expanding_swri=0.377; max_r_km=0.299; lag_expanding_accidents=0.270,Road Safety in India — Risk Factors and Countermeasures,World Health Organization (WHO India),Road Safety in India — Risk Factors and Countermeasures,https://www.who.int/india/health-topics/road-safety,0.8363,"WHO-IND-001-02, MORTH-ATTR-003, WHO-IND-RS-WEB-001",sustained high accident frequency 6 month road safety treatment India. high severity crash history specific location time window road safety engineering treatment India night time peak hour. road safety large zone area treatment India. night time road safety darkness driving India. Maharashtra urban arterial road safety
99,Hyderabad,233,17.27767,78.27841,7.363,2025-03,2025-03-01,08:00 - 11:59 (Morning Rush),True,HIGH,0.6871,MEDIUM,Persistent accident history in prior 180 days (+0.396) | Historically elevated severity index during this specific time shift (+0.200) | Cluster spatial footprint size (+0.169) | High cumulative historical crash density (+0.134),lag_accidents_180d=0.396; lag_zw_expanding_swri=0.200; max_r_km=0.169; lag_expanding_accidents=0.134,Road Safety in India — Risk Factors and Countermeasures,World Health Organization (WHO India),Road Safety in India — Risk Factors and Countermeasures,https://www.who.int/india/health-topics/road-safety,0.8301,"WHO-IND-001-02, MORTH-ATTR-003, WHO-SAVE-LIVES-WEB-001",sustained high accident frequency 6 month road safety treatment India. high severity crash history specific location time window road safety engineering treatment India night time peak hour. road safety large zone area treatment India. peak hour traffic congestion road safety India. Hyderabad urban corridor road safety
100,Kolkata,283,22.56314,88.46385,4.908,2025-02,2025-02-01,08:00 - 11:59 (Morning Rush),True,HIGH,0.6847,MEDIUM,Persistent accident history in prior 180 days (+0.438) | High cumulative historical crash density (+0.258) | Cluster spatial footprint size (+0.180) | Historically elevated severity index during this specific time shift (+0.114),lag_accidents_180d=0.438; lag_expanding_accidents=0.258; max_r_km=0.180; lag_zw_expanding_swri=0.114,Road Safety in India — Risk Factors and Countermeasures,World Health Organization (WHO India),Road Safety in India — Risk Factors and Countermeasures,https://www.who.int/india/health-topics/road-safety,0.8333,"WHO-IND-001-02, MORTH-ATTR-003, WHO-SAVE-LIVES-WEB-001",sustained high accident frequency 6 month road safety treatment India. road safety treatment for locations with high historical accident frequency and crash density India blackspot identification engineering countermeasure. road safety large zone area treatment India. peak hour traffic congestion road safety India. Kolkata road safety pedestrian
